Arizona,Arkansas,0.6461527094971864
Arizona,Baylor,0.5396423443487877
Arizona,Bucknell,0.9234439552619719
Arizona,Butler,0.5974420661946236
Arizona,Cincinnati,0.5594981749744297
Arizona,Creighton,0.6790323834288081
Arizona,Dayton,0.7416028597684905
Arizona,Duke,0.48674378833869525
Arizona,ETSU,0.8956049511737013
Arizona,FL Gulf Coast,0.9260616462842574
Arizona,Florida,0.6337192492652273
Arizona,Florida St,0.6305925048774677
Arizona,Gonzaga,0.48169094333728235
Arizona,Iona,0.9154907073417006
Arizona,Iowa St,0.5667191398539217
Arizona,Jacksonville St,0.9725185759023453
Arizona,Kansas,0.39823680281070395
Arizona,Kansas St,0.7256264356140607
Arizona,Kent,0.8841272383680827
Arizona,Kentucky,0.3842859542312036
Arizona,Louisville,0.5297788517113711
Arizona,Marquette,0.6929278943388532
Arizona,Maryland,0.7123806146776593
Arizona,Miami FL,0.6744146372207133
Arizona,Michigan,0.6437749547216302
Arizona,Michigan St,0.7597131923538856
Arizona,Minnesota,0.7717196786093219
Arizona,Mt St Mary's,0.9831476113036454
Arizona,MTSU,0.7656387347078011
Arizona,N Kentucky,0.9376465732016955
Arizona,NC Central,0.9759665473923619
Arizona,Nevada,0.7541867426121142
Arizona,New Mexico St,0.8801142509685549
Arizona,New Orleans,0.9780659601408522
Arizona,North Carolina,0.44489541158696466
Arizona,North Dakota,0.9623435675846319
Arizona,Northwestern,0.73431233299235
Arizona,Notre Dame,0.44793287917933466
Arizona,Oklahoma St,0.6849654372059701
Arizona,Oregon,0.5150037763998512
Arizona,Princeton,0.8791263931778209
Arizona,Providence,0.7457949087162583
Arizona,Purdue,0.6190789946329422
Arizona,Rhode Island,0.7129395888390119
Arizona,S Dakota St,0.9392229618314185
Arizona,Seton Hall,0.6501559651351775
Arizona,SMU,0.5579620490517401
Arizona,South Carolina,0.7514693078385969
Arizona,St Mary's CA,0.6502353941895715
Arizona,Troy,0.9594885012341633
Arizona,TX Southern,0.9625041215739665
Arizona,UC Davis,0.9611931990496175
Arizona,UCLA,0.5084780984206279
Arizona,UNC Wilmington,0.812180889670639
Arizona,USC,0.7086947949807652
Arizona,VA Commonwealth,0.7286148279157579
Arizona,Vanderbilt,0.8054342968030476
Arizona,Vermont,0.8852894436328902
Arizona,Villanova,0.3753620177427123
Arizona,Virginia,0.5114308458619299
Arizona,Virginia Tech,0.7444716236435692
Arizona,Wake Forest,0.7879266892319283
Arizona,West Virginia,0.40435979654281295
Arizona,Wichita St,0.5812072565992736
Arizona,Winthrop,0.9485520345264099
Arizona,Wisconsin,0.6251477201219593
Arizona,Xavier,0.6811762309708891
Arkansas,Baylor,0.3924510753815863
Arkansas,Bucknell,0.869229499717783
Arkansas,Butler,0.44989240717047074
Arkansas,Cincinnati,0.4117348897407833
Arkansas,Creighton,0.5382761823253137
Arkansas,Dayton,0.6126327502113289
Arkansas,Duke,0.3432237125666848
Arkansas,ETSU,0.825403310160288
Arkansas,FL Gulf Coast,0.8734469045700585
Arkansas,Florida,0.4880728113973566
Arkansas,Florida St,0.48471371103899896
Arkansas,Gonzaga,0.3386776306352496
Arkansas,Iona,0.8565191368750399
Arkansas,Iowa St,0.41886217055963915
Arkansas,Jacksonville St,0.9512214007299442
Arkansas,Kansas,0.2672263273696103
Arkansas,Kansas St,0.5930578855575575
Arkansas,Kent,0.8078631131978928
Arkansas,Kentucky,0.2559131910583282
Arkansas,Louisville,0.3830394316695356
Arkansas,Marquette,0.5542653275632763
Arkansas,Maryland,0.577141677902438
Arkansas,Miami FL,0.5330260222482434
Arkansas,Michigan,0.498965705048682
Arkansas,Michigan St,0.6353374850843798
Arkansas,Minnesota,0.650701305658543
Arkansas,Mt St Mary's,0.9698320597561091
Arkansas,MTSU,0.6428884249467519
Arkansas,N Kentucky,0.8923170973882848
Arkansas,NC Central,0.9572239033737119
Arkansas,Nevada,0.6283498527828117
Arkansas,New Mexico St,0.8018009904892529
Arkansas,New Orleans,0.9608949557949679
Arkansas,North Carolina,0.306349624175559
Arkansas,North Dakota,0.9336986831203743
Arkansas,Northwestern,0.6036481825885156
Arkansas,Notre Dame,0.3089676719087665
Arkansas,Oklahoma St,0.5450679264382305
Arkansas,Oregon,0.3691440520859882
Arkansas,Princeton,0.8003142417644455
Arkansas,Providence,0.6178389086735208
Arkansas,Purdue,0.47245719510400275
Arkansas,Rhode Island,0.5778077159931141
Arkansas,S Dakota St,0.8949110431246157
Arkansas,Seton Hall,0.5059499989194529
Arkansas,SMU,0.4102266464447448
Arkansas,South Carolina,0.6249331245727718
Arkansas,St Mary's CA,0.5060372935924169
Arkansas,Troy,0.9288324067230169
Arkansas,TX Southern,0.9339729894327948
Arkansas,UC Davis,0.9317353145094521
Arkansas,UCLA,0.36308295701125515
Arkansas,UNC Wilmington,0.7043960140237335
Arkansas,USC,0.5727621641622205
Arkansas,VA Commonwealth,0.5966876380842258
Arkansas,Vanderbilt,0.6952305649623409
Arkansas,Vermont,0.8096255402261462
Arkansas,Villanova,0.24876589886970812
Arkansas,Virginia,0.3658197790781451
Arkansas,Virginia Tech,0.6161923251193651
Arkansas,Wake Forest,0.671846699590247
Arkansas,West Virginia,0.27224630843475417
Arkansas,Wichita St,0.43335089831898865
Arkansas,Winthrop,0.9103929246786785
Arkansas,Wisconsin,0.47889560278933574
Arkansas,Xavier,0.5407242947376485
Baylor,Bucknell,0.9097171732784054
Baylor,Butler,0.5535235790769
Baylor,Cincinnati,0.5148019588778486
Baylor,Creighton,0.6386311896880421
Baylor,Dayton,0.7056636672270459
Baylor,Duke,0.44202744291177
Baylor,ETSU,0.877548439407707
Baylor,FL Gulf Coast,0.9127598841827884
Baylor,Florida,0.5910494345453203
Baylor,Florida St,0.5877953678413113
Baylor,Gonzaga,0.4370435257891817
Baylor,Iona,0.9004915465054225
Baylor,Iowa St,0.5221298190864475
Baylor,Jacksonville St,0.9672792674323071
Baylor,Kansas,0.3560115232108092
Baylor,Kansas St,0.6883988186470289
Baylor,Kent,0.8643861091130489
Baylor,Kentucky,0.34269749370893665
Baylor,Louisville,0.4848436472136527
Baylor,Marquette,0.6533829456127349
Baylor,Maryland,0.6741628046996695
Baylor,Miami FL,0.6337457061815925
Baylor,Michigan,0.6015400196154079
Baylor,Michigan St,0.7253600540438668
Baylor,Minnesota,0.738492210536412
Baylor,Mt St Mary's,0.9798928218582673
Baylor,MTSU,0.7318337217667206
Baylor,N Kentucky,0.9262630286582804
Baylor,NC Central,0.9713652365049679
Baylor,Nevada,0.7193353941072456
Baylor,New Mexico St,0.8597978502051501
Baylor,New Orleans,0.9738558239051932
Baylor,North Carolina,0.4010197722010391
Baylor,North Dakota,0.9552536573472592
Baylor,Northwestern,0.6977723767248996
Baylor,Notre Dame,0.40397568492357927
Baylor,Oklahoma St,0.6449205326767773
Baylor,Oregon,0.47006897745834786
Baylor,Princeton,0.8586694679618172
Baylor,Providence,0.7102109342426096
Baylor,Purdue,0.5758451839831595
Baylor,Rhode Island,0.6747621432537148
Baylor,S Dakota St,0.9281051436669283
Baylor,Seton Hall,0.6082171650137292
Baylor,SMU,0.5132455679446579
Baylor,South Carolina,0.7163775709331515
Baylor,St Mary's CA,0.6083003792832415
Baylor,Troy,0.9518879169397456
Baylor,TX Southern,0.9554430406456651
Baylor,UC Davis,0.9538970748992809
Baylor,UCLA,0.4635684551911833
Baylor,UNC Wilmington,0.7831881830846964
Baylor,USC,0.6702139530943191
Baylor,VA Commonwealth,0.6916203636750449
Baylor,Vanderbilt,0.7756877817103475
Baylor,Vermont,0.8657162447782836
Baylor,Villanova,0.3342150997244927
Baylor,Virginia,0.4665079307227068
Baylor,Virginia Tech,0.7087747463862728
Baylor,Wake Forest,0.7563133313866723
Baylor,West Virginia,0.36187570940033953
Baylor,Wichita St,0.5368905231642522
Baylor,Winthrop,0.9390299831618949
Baylor,Wisconsin,0.5821377837563309
Baylor,Xavier,0.6409021817231106
Bucknell,Butler,0.10630521870956788
Bucknell,Cincinnati,0.0923944840009926
Bucknell,Creighton,0.1449786878555529
Bucknell,Dayton,0.1870107078642701
Bucknell,Duke,0.07063961379435402
Bucknell,ETSU,0.4074417834447217
Bucknell,FL Gulf Coast,0.5009602210711959
Bucknell,Florida,0.12178199778866161
Bucknell,Florida St,0.12035118704574599
Bucknell,Gonzaga,0.06932289174331019
Bucknell,Iona,0.4647412402668243
Bucknell,Iowa St,0.09488550059225953
Bucknell,Jacksonville St,0.739334148940619
Bucknell,Kansas,0.050369581456641166
Bucknell,Kansas St,0.1748952032623341
Bucknell,Kent,0.3794790567322389
Bucknell,Kentucky,0.047640292445765176
Bucknell,Louisville,0.08282170802641287
Bucknell,Marquette,0.15316048943947824
Bucknell,Maryland,0.1656336827749949
Bucknell,Miami FL,0.14238168208295343
Bucknell,Michigan,0.12652034718418848
Bucknell,Michigan St,0.20217421447950312
Bucknell,Minnesota,0.21318694735448618
Bucknell,Mt St Mary's,0.8238131457891197
Bucknell,MTSU,0.2075065083172456
Bucknell,N Kentucky,0.5465364797458637
Bucknell,NC Central,0.7649681863311839
Bucknell,Nevada,0.19737211376760155
Bucknell,New Mexico St,0.3704339313810794
Bucknell,New Orleans,0.7813701940932012
Bucknell,North Carolina,0.06035912895928264
Bucknell,North Dakota,0.6719459469405141
Bucknell,Northwestern,0.18134592825001383
Bucknell,Notre Dame,0.06106000730922634
Bucknell,Oklahoma St,0.1484029570943971
Bucknell,Oregon,0.07843268382940805
Bucknell,Princeton,0.36826086779291134
Bucknell,Providence,0.19037752658619622
Bucknell,Purdue,0.11524735619687942
Bucknell,Rhode Island,0.16601126816237166
Bucknell,S Dakota St,0.5532899879621569
Bucknell,Seton Hall,0.12964024291954446
Bucknell,SMU,0.0918733360212226
Bucknell,South Carolina,0.1950688443826838
Bucknell,St Mary's CA,0.12967965278522553
Bucknell,Troy,0.6549673302269047
Bucknell,TX Southern,0.6729238383974552
Bucknell,UC Davis,0.6650122921827314
Bucknell,UCLA,0.07656554977617203
Bucknell,UNC Wilmington,0.25738122691923293
Bucknell,USC,0.16317184920981853
Bucknell,VA Commonwealth,0.17707931210217787
Bucknell,Vanderbilt,0.24913022019932274
Bucknell,Vermont,0.38216578934132217
Bucknell,Villanova,0.04595055638602574
Bucknell,Virginia,0.07740514979104351
Bucknell,Virginia Tech,0.1893058405102539
Bucknell,Wake Forest,0.22945428005613555
Bucknell,West Virginia,0.05160267799925444
Bucknell,Wichita St,0.10009792792691441
Bucknell,Winthrop,0.5964024570303438
Bucknell,Wisconsin,0.11790585933057329
Bucknell,Xavier,0.14620446287016542
Butler,Cincinnati,0.45196273311069346
Butler,Creighton,0.5787049504321781
Butler,Dayton,0.650774858942802
Butler,Duke,0.38109419433561753
Butler,ETSU,0.8477998207057047
Butler,FL Gulf Coast,0.8904981788687718
Butler,Florida,0.5290514102630903
Butler,Florida St,0.5256998975434279
Butler,Gonzaga,0.3763339284406422
Butler,Iona,0.8755261616707669
Butler,Iowa St,0.4592427441089778
Butler,Jacksonville St,0.9582940012297059
Butler,Kansas,0.3005486851183331
Butler,Kansas St,0.6319695514738695
Butler,Kent,0.8320517917196301
Butler,Kentucky,0.28838001437122085
Butler,Louisville,0.4224771384569781
Butler,Marquette,0.5943491467507346
Butler,Maryland,0.6165913446803643
Butler,Miami FL,0.573550294067291
Butler,Michigan,0.539894340076363
Butler,Michigan St,0.672439308001805
Butler,Minnesota,0.6870100372337422
Butler,Mt St Mary's,0.9742791927729791
Butler,MTSU,0.6796094118676062
Butler,N Kentucky,0.9070963061887033
Butler,NC Central,0.9634596103382295
Butler,Nevada,0.6657886355212665
Butler,New Mexico St,0.8265890282507994
Butler,New Orleans,0.966614178063605
Butler,North Carolina,0.3422718132524628
Butler,North Dakota,0.943160153450559
Butler,Northwestern,0.6421582192889501
Butler,Notre Dame,0.34504414378987236
Butler,Oklahoma St,0.5853601009540546
Butler,Oregon,0.4080974270765211
Butler,Princeton,0.8252476957682845
Butler,Providence,0.6557564410677132
Butler,Purdue,0.5134396675518038
Butler,Rhode Island,0.6172364555050779
Butler,S Dakota St,0.909370398346945
Butler,Seton Hall,0.5468262737797094
Butler,SMU,0.45041995963124914
Butler,South Carolina,0.6625312425455542
Butler,St Mary's CA,0.5469128138283197
Butler,Troy,0.93894290352329
Butler,TX Southern,0.9433976881358922
Butler,UC Davis,0.9414593989652489
Butler,UCLA,0.4018041097177164
Butler,UNC Wilmington,0.7373759880992037
Butler,USC,0.6123459754274304
Butler,VA Commonwealth,0.6354655650559123
Butler,Vanderbilt,0.7288394669936615
Butler,Vermont,0.8336380324236562
Butler,Villanova,0.28066799496680583
Butler,Virginia,0.404647370252495
Butler,Virginia Tech,0.6541817865202451
Butler,Wake Forest,0.7069473258785532
Butler,West Virginia,0.30593329769183997
Butler,Wichita St,0.4739890089937864
Butler,Winthrop,0.9229056128841288
Butler,Wisconsin,0.5198861809977178
Butler,Xavier,0.58110552141949
Cincinnati,Creighton,0.6109538855334994
Cincinnati,Dayton,0.6805523161325362
Cincinnati,Duke,0.41312969855264026
Cincinnati,ETSU,0.8642810942787345
Cincinnati,FL Gulf Coast,0.9028854194635343
Cincinnati,Florida,0.562225955896769
Cincinnati,Florida St,0.558913697267311
Cincinnati,Gonzaga,0.40823322111559424
Cincinnati,Iona,0.8893967282233809
Cincinnati,Iowa St,0.4926187105248897
Cincinnati,Jacksonville St,0.9633277692440352
Cincinnati,Kansas,0.32941719351450616
Cincinnati,Kansas St,0.6625189487433369
Cincinnati,Kent,0.8499365246339596
Cincinnati,Kentucky,0.3166087653027787
Cincinnati,Louisville,0.4554314946945538
Cincinnati,Marquette,0.6261741239976608
Cincinnati,Maryland,0.6477056560392385
Cincinnati,Miami FL,0.6059251141629818
Cincinnati,Michigan,0.5729216660623397
Cincinnati,Michigan St,0.7012176113483524
Cincinnati,Minnesota,0.7150506706569184
Cincinnati,Mt St Mary's,0.9774290467912624
Cincinnati,MTSU,0.708031291277218
Cincinnati,N Kentucky,0.9177792714839431
Cincinnati,NC Central,0.9678907978305821
Cincinnati,Nevada,0.6948861197477498
Cincinnati,New Mexico St,0.8449470835754368
Cincinnati,New Orleans,0.9706744607103155
Cincinnati,North Carolina,0.37301071543053976
Cincinnati,North Dakota,0.9499250761790651
Cincinnati,Northwestern,0.6723004245516375
Cincinnati,Notre Dame,0.37588973407708004
Cincinnati,Oklahoma St,0.617436373243534
Cincinnati,Oregon,0.4407862154436357
Cincinnati,Princeton,0.8437209033784107
Cincinnati,Providence,0.6853145301762702
Cincinnati,Purdue,0.546771824466789
Cincinnati,Rhode Island,0.6483282737643328
Cincinnati,S Dakota St,0.9198149822132955
Cincinnati,Seton Hall,0.5797433368595541
Cincinnati,SMU,0.48372830369803466
Cincinnati,South Carolina,0.6917810368646552
Cincinnati,St Mary's CA,0.5798284209616822
Cincinnati,Troy,0.9461811107521172
Cincinnati,TX Southern,0.9501358347892715
Cincinnati,UC Davis,0.9484156699052734
Cincinnati,UCLA,0.4343587248715097
Cincinnati,UNC Wilmington,0.7624644849558826
Cincinnati,USC,0.6436056714642281
Cincinnati,VA Commonwealth,0.6658781925394833
Cincinnati,Vanderbilt,0.7544719188406227
Cincinnati,Vermont,0.851384018356189
Cincinnati,Villanova,0.30846907063689466
Cincinnati,Virginia,0.4372639599936132
Cincinnati,Virginia Tech,0.6838098884983479
Cincinnati,Wake Forest,0.7338936423012987
Cincinnati,West Virginia,0.33507124548441625
Cincinnati,Wichita St,0.5074310230712336
Cincinnati,Winthrop,0.9319071357406137
Cincinnati,Wisconsin,0.5531610528860521
Cincinnati,Xavier,0.6132934910290582
Creighton,Dayton,0.5595530824508129
Creighton,Duke,0.2956695943596783
Creighton,ETSU,0.7915591768530512
Creighton,FL Gulf Coast,0.8471915204990899
Creighton,Florida,0.4337022436916136
Creighton,Florida St,0.4304027345063802
Creighton,Gonzaga,0.2914738471768519
Creighton,Iona,0.8274456280370623
Creighton,Iowa St,0.366679134030221
Creighton,Jacksonville St,0.9399929988824466
Creighton,Kansas,0.22656935545711687
Creighton,Kansas St,0.5393129564556725
Creighton,Kent,0.7715599531206403
Creighton,Kentucky,0.21646897958578815
Creighton,Louisville,0.33276380499888647
Creighton,Marquette,0.49971891313970007
Creighton,Maryland,0.5229854404406229
Creighton,Miami FL,0.47832677215425534
Creighton,Michigan,0.44443515692694124
Creighton,Michigan St,0.5832525890981783
Creighton,Minnesota,0.5994272742536255
Creighton,Mt St Mary's,0.9627197681942851
Creighton,MTSU,0.591188062654108
Creighton,N Kentucky,0.8693912178834331
Creighton,NC Central,0.9473006746466804
Creighton,Nevada,0.5759330736313406
Creighton,New Mexico St,0.764686059627778
Creighton,New Orleans,0.9517804408781115
Creighton,North Carolina,0.2618674375772524
Creighton,North Dakota,0.9187811086521516
Creighton,Northwestern,0.5502412088624922
Creighton,Notre Dame,0.26425016036413085
Creighton,Oklahoma St,0.4904307494806118
Creighton,Oregon,0.3197470343130755
Creighton,Princeton,0.7630031935297913
Creighton,Providence,0.5649660466050517
Creighton,Purdue,0.41840442274053335
Creighton,Rhode Island,0.5236663778177437
Creighton,S Dakota St,0.8724584837080991
Creighton,Seton Hall,0.4513437504327892
Creighton,SMU,0.3584558524794851
Creighton,South Carolina,0.5723624169840782
Creighton,St Mary's CA,0.4514302323451048
Creighton,Troy,0.912922047761732
Creighton,TX Southern,0.9191117862111547
Creighton,UC Davis,0.9164155341416085
Creighton,UCLA,0.31409318808923736
Creighton,UNC Wilmington,0.6568473069136174
Creighton,USC,0.5185129652025302
Creighton,VA Commonwealth,0.543052730286178
Creighton,Vanderbilt,0.6469465046375011
Creighton,Vermont,0.7735620430791996
Creighton,Villanova,0.21011223698026038
Creighton,Virginia,0.31664432244247465
Creighton,Virginia Tech,0.5632526912367652
Creighton,Wake Forest,0.6218728957033783
Creighton,West Virginia,0.23106641273991124
Creighton,Wichita St,0.38054480858784245
Creighton,Winthrop,0.8908446566458255
Creighton,Wisconsin,0.424699230757534
Creighton,Xavier,0.4860573287074903
Dayton,Duke,0.2446746891905398
Dayton,ETSU,0.7455723065688591
Dayton,FL Gulf Coast,0.8105407092062116
Dayton,Florida,0.3714559538274049
Dayton,Florida St,0.3683219981234177
Dayton,Gonzaga,0.24095502859899676
Dayton,Iona,0.7872481398200986
Dayton,Iowa St,0.3088066922702253
Dayton,Jacksonville St,0.923592998384502
Dayton,Kansas,0.18437259978592901
Dayton,Kansas St,0.4746126138118216
Dayton,Kent,0.7227064746077355
Dayton,Kentucky,0.17572594377490647
Dayton,Louisville,0.2778954078596766
Dayton,Marquette,0.4352805302954894
Dayton,Maryland,0.4582952673153078
Dayton,Miami FL,0.4143621379421294
Dayton,Michigan,0.3816866952892808
Dayton,Michigan St,0.5192220256289548
Dayton,Minnesota,0.5359044177937806
Dayton,Mt St Mary's,0.9522152761936119
Dayton,MTSU,0.5273887845460516
Dayton,N Kentucky,0.8370407700003715
Dayton,NC Central,0.9327549974228164
Dayton,Nevada,0.5117193902546746
Dayton,New Mexico St,0.714905732972041
Dayton,New Orleans,0.9383908196479762
Dayton,North Carolina,0.21492349465240235
Dayton,North Dakota,0.8972177590404979
Dayton,Northwestern,0.4856117980765887
Dayton,Notre Dame,0.21700465201051977
Dayton,Oklahoma St,0.4261697933522267
Dayton,Oregon,0.2661687487182888
Dayton,Princeton,0.7130004747138681
Dayton,Providence,0.5005318815467206
Dayton,Purdue,0.3569697177397263
Dayton,Rhode Island,0.45897301904380483
Dayton,S Dakota St,0.8407285842936659
Dayton,Seton Hall,0.3883016252692072
Dayton,SMU,0.3012638973099696
Dayton,South Carolina,0.5080698723371342
Dayton,St Mary's CA,0.3883845785595811
Dayton,Troy,0.889989392423963
Dayton,TX Southern,0.897626448139164
Dayton,UC Davis,0.8942963881884392
Dayton,UCLA,0.2610986563629796
Dayton,UNC Wilmington,0.596297633695802
Dayton,USC,0.45384965761205676
Dayton,VA Commonwealth,0.4783696083234342
Dayton,Vanderbilt,0.5857515945347647
Dayton,Vermont,0.7249841111022426
Dayton,Villanova,0.1703055901703764
Dayton,Virginia,0.2633846415546425
Dayton,Virginia Tech,0.4987898884364378
Dayton,Wake Forest,0.5592925251916039
Dayton,West Virginia,0.18823595472599797
Dayton,Wichita St,0.3215952188999808
Dayton,Winthrop,0.8629704676839706
Dayton,Wisconsin,0.36291700148546
Dayton,Xavier,0.4218949686840652
Duke,ETSU,0.8965101521860559
Duke,FL Gulf Coast,0.9267243665875954
Duke,Florida,0.6359722544027073
Duke,Florida St,0.6328536002190935
Duke,Gonzaga,0.48411783167279965
Duke,Iona,0.9162396066772617
Duke,Iowa St,0.5691040449111524
Duke,Jacksonville St,0.9727771365972567
Duke,Kansas,0.40056817700376446
Duke,Kansas St,0.727557155629901
Duke,Kent,0.8851191957977118
Duke,Kentucky,0.38658812474624793
Duke,Louisville,0.5321992471784088
Duke,Marquette,0.6949919912521387
Duke,Maryland,0.7143678530931906
Duke,Miami FL,0.6765450881467548
Duke,Michigan,0.6460006583214817
Duke,Michigan St,0.7614828937623447
Duke,Minnesota,0.7734273248408834
Duke,Mt St Mary's,0.983307884502975
Duke,MTSU,0.7673781576134431
Duke,N Kentucky,0.9382123842257595
Duke,NC Central,0.9761934617506154
Duke,Nevada,0.7559840727844029
Duke,New Mexico St,0.8811359439170935
Duke,New Orleans,0.9782734939380113
Duke,North Carolina,0.4472969007072909
Duke,North Dakota,0.9626941881935941
Duke,Northwestern,0.736204151958102
Duke,Notre Dame,0.4503374627574398
Duke,Oklahoma St,0.6870588847383634
Duke,Oregon,0.5174309490844373
Duke,Princeton,0.8801553584942668
Duke,Providence,0.7476330659712607
Duke,Purdue,0.6213682481828714
Duke,Rhode Island,0.7149245106624897
Duke,S Dakota St,0.939775387074916
Duke,Seton Hall,0.6523633290104454
Duke,SMU,0.5603577624784393
Duke,South Carolina,0.7532800073638599
Duke,St Mary's CA,0.6524425248114001
Duke,Troy,0.9598645967900441
Duke,TX Southern,0.9628533049625164
Duke,UC Davis,0.9615541028752334
Duke,UCLA,0.5109069141769769
Duke,UNC Wilmington,0.8136589498002544
Duke,USC,0.7106971576523993
Duke,VA Commonwealth,0.7305323283542706
Duke,Vanderbilt,0.8069528302234364
Duke,Vermont,0.886272731523575
Duke,Villanova,0.3776435170418767
Duke,Virginia,0.5138590206553573
Duke,Virginia Tech,0.7463160947665008
Duke,Wake Forest,0.7895461612932404
Duke,West Virginia,0.4067027899808955
Duke,Wichita St,0.5835710133218912
Duke,Winthrop,0.9490242665557129
Duke,Wisconsin,0.6274224515569241
Duke,Xavier,0.6832832155718732
ETSU,FL Gulf Coast,0.5953916042742597
ETSU,Florida,0.16893365986668618
ETSU,Florida St,0.16705424487277498
ETSU,Gonzaga,0.09844008334912124
ETSU,Iona,0.5600067049293294
ETSU,Iowa St,0.13320285740216375
ETSU,Jacksonville St,0.8061162863428946
ETSU,Kansas,0.0721430484310488
ETSU,Kansas St,0.23706026266762736
ETSU,Kent,0.4727018805140375
ETSU,Kentucky,0.06831883628668745
ETSU,Louisville,0.11689656002211546
ETSU,Marquette,0.20956224723714034
ETSU,Maryland,0.2254061166787732
ETSU,Miami FL,0.19573155256064045
ETSU,Michigan,0.1751407384038206
ETSU,Michigan St,0.2708524898146949
ETSU,Minnesota,0.284273272750859
ETSU,Mt St Mary's,0.8726791205693775
ETSU,MTSU,0.2773664270781171
ETSU,N Kentucky,0.6385658682890296
ETSU,NC Central,0.8267221296295657
ETSU,Nevada,0.26496087228973175
ETSU,New Mexico St,0.4630930210042884
ETSU,New Orleans,0.8397175354019691
ETSU,North Carolina,0.08605948344513603
ETSU,North Dakota,0.750158592402716
ETSU,Northwestern,0.24512268121857206
ETSU,Notre Dame,0.08703114839965409
ETSU,Oklahoma St,0.2034736951034003
ETSU,Oregon,0.11092016604465915
ETSU,Princeton,0.4607742237635548
ETSU,Providence,0.2563360086266284
ETSU,Purdue,0.16033083252832747
ETSU,Rhode Island,0.22588307298848254
ETSU,S Dakota St,0.6448394422434217
ETSU,Seton Hall,0.17921358674130683
ETSU,SMU,0.1291478618782712
ETSU,South Carolina,0.26212645433518034
ETSU,St Mary's CA,0.17926496269387193
ETSU,Troy,0.7356353276621749
ETSU,TX Southern,0.7509897392313374
ETSU,UC Davis,0.7442488341784568
ETSU,UCLA,0.10837059425486417
ETSU,UNC Wilmington,0.33689418689377304
ETSU,USC,0.2222925677470654
ETSU,VA Commonwealth,0.2397950769332643
ETSU,Vanderbilt,0.3272173425875291
ETSU,Vermont,0.47554282041707474
ETSU,Villanova,0.06594644780178627
ETSU,Virginia,0.10951759791114468
ETSU,Virginia Tech,0.25500997377068646
ETSU,Wake Forest,0.30387000690044397
ETSU,West Virginia,0.07386771812162363
ETSU,Wichita St,0.14019417182903948
ETSU,Winthrop,0.6841600503730221
ETSU,Wisconsin,0.16383673153439426
ETSU,Xavier,0.20065158936673544
FL Gulf Coast,Florida,0.12688630652513888
FL Gulf Coast,Florida St,0.12540408889175114
FL Gulf Coast,Gonzaga,0.07240974432627012
FL Gulf Coast,Iona,0.4764221197837951
FL Gulf Coast,Iowa St,0.09898955133500309
FL Gulf Coast,Jacksonville St,0.7482684673748883
FL Gulf Coast,Kansas,0.05266022312315721
FL Gulf Coast,Kansas St,0.18176492321262705
FL Gulf Coast,Kent,0.3905806947211322
FL Gulf Coast,Kentucky,0.049813325815133425
FL Gulf Coast,Louisville,0.08645380751371645
FL Gulf Coast,Marquette,0.15934135744171707
FL Gulf Coast,Maryland,0.17221554768938807
FL Gulf Coast,Miami FL,0.1482036916416709
FL Gulf Coast,Michigan,0.1317934528343454
FL Gulf Coast,Michigan St,0.20984292315462671
FL Gulf Coast,Minnesota,0.22115758828635412
FL Gulf Coast,Mt St Mary's,0.8305157133286803
FL Gulf Coast,MTSU,0.21532288981254155
FL Gulf Coast,N Kentucky,0.5581295158703493
FL Gulf Coast,NC Central,0.7732933110679867
FL Gulf Coast,Nevada,0.20490545444244057
FL Gulf Coast,New Mexico St,0.3814336130956172
FL Gulf Coast,New Orleans,0.7892743813328206
FL Gulf Coast,North Carolina,0.06307388837318795
FL Gulf Coast,North Dakota,0.6821971575748143
FL Gulf Coast,Northwestern,0.18841116813956482
FL Gulf Coast,Notre Dame,0.06380414946231527
FL Gulf Coast,Oklahoma St,0.15442684363631376
FL Gulf Coast,Oregon,0.0818894903786942
FL Gulf Coast,Princeton,0.37923489194347604
FL Gulf Coast,Providence,0.19770965875829294
FL Gulf Coast,Purdue,0.12011523559889381
FL Gulf Coast,Rhode Island,0.1726050334361392
FL Gulf Coast,S Dakota St,0.5648478365264835
FL Gulf Coast,Seton Hall,0.13502327907614975
FL Gulf Coast,SMU,0.09586090104574962
FL Gulf Coast,South Carolina,0.20253645716163304
FL Gulf Coast,St Mary's CA,0.13506407141156096
FL Gulf Coast,Troy,0.6654849705318272
FL Gulf Coast,TX Southern,0.6831589001422469
FL Gulf Coast,UC Davis,0.6753754953893532
FL Gulf Coast,UCLA,0.0799472039796495
FL Gulf Coast,UNC Wilmington,0.266444661205712
FL Gulf Coast,USC,0.1696757810645999
FL Gulf Coast,VA Commonwealth,0.1840156888888289
FL Gulf Coast,Vanderbilt,0.25800404784382236
FL Gulf Coast,Vermont,0.3932962094552015
FL Gulf Coast,Villanova,0.048050403953656895
FL Gulf Coast,Virginia,0.08082064090700536
FL Gulf Coast,Virginia Tech,0.19660672115317124
FL Gulf Coast,Wake Forest,0.2378492679742239
FL Gulf Coast,West Virginia,0.05394621120349352
FL Gulf Coast,Wichita St,0.10440142510561001
FL Gulf Coast,Winthrop,0.6076358709429148
FL Gulf Coast,Wisconsin,0.1228704355050445
FL Gulf Coast,Xavier,0.1521550539455898
Florida,Florida St,0.4907982355174406
Florida,Gonzaga,0.3441533384126786
Florida,Iona,0.8594860708827379
Florida,Iowa St,0.42480153934318043
Florida,Jacksonville St,0.9523390253740789
Florida,Kansas,0.27202199349316036
Florida,Kansas St,0.5989216663261667
Florida,Kent,0.8116148798033431
Florida,Kentucky,0.26057802793654183
Florida,Louisville,0.38881069207378005
Florida,Marquette,0.5602736282957221
Florida,Maryland,0.5830735708110362
Florida,Miami FL,0.5390825402090734
Florida,Michigan,0.5050537821607689
Florida,Michigan St,0.6409608685834534
Florida,Minnesota,0.6562159666366536
Florida,Mt St Mary's,0.9705364812305133
Florida,MTSU,0.6484597955132243
Florida,N Kentucky,0.8946348529403848
Florida,NC Central,0.9582100396433635
Florida,Nevada,0.6340189197903897
Florida,New Mexico St,0.8056426510843686
Florida,New Orleans,0.961799839035138
Florida,North Carolina,0.31154888847997286
Florida,North Dakota,0.9351904373404097
Florida,Northwestern,0.6094598535801843
Florida,Notre Dame,0.3141912429404472
Florida,Oklahoma St,0.5510997949974163
Florida,Oregon,0.37483314799941747
Florida,Princeton,0.8041776817559212
Florida,Providence,0.623572256851377
Florida,Purdue,0.478530745135626
Florida,Rhode Island,0.5837370044665514
Florida,S Dakota St,0.8971794002910376
Florida,Seton Hall,0.512036204778237
Florida,SMU,0.41613124720688244
Florida,South Carolina,0.6306236719407948
Florida,St Mary's CA,0.5121234610365244
Florida,Troy,0.9304254917035537
Florida,TX Southern,0.9354589984846163
Florida,UC Davis,0.9332680865584095
Florida,UCLA,0.36873324030826204
Florida,UNC Wilmington,0.709441487543406
Florida,USC,0.5787106474060452
Florida,VA Commonwealth,0.6025341693640602
Florida,Vanderbilt,0.7003659319590122
Florida,Vermont,0.813350843797639
Florida,Villanova,0.25334481165678646
Florida,Virginia,0.37148781149418175
Florida,Virginia Tech,0.6219352600772159
Florida,Wake Forest,0.6771931357713108
Florida,West Virginia,0.2770979964494096
Florida,Wichita St,0.43934039605487374
Florida,Winthrop,0.9123598303006915
Florida,Wisconsin,0.48497583124037147
Florida,Xavier,0.5467658663899881
Florida St,Gonzaga,0.3398216328472675
Florida St,Iona,0.8571451897317524
Florida St,Iowa St,0.4201049658273406
Florida St,Jacksonville St,0.9514576559531263
Florida St,Kansas,0.268226868081874
Florida St,Kansas St,0.5942889844667929
Florida St,Kent,0.8086540397196941
Florida St,Kentucky,0.25688622288887075
Florida St,Louisville,0.38424621592654595
Florida St,Marquette,0.5555258288773779
Florida St,Maryland,0.5783866964062434
Florida St,Miami FL,0.5342961205335152
Florida St,Michigan,0.5002415851796083
Florida St,Michigan St,0.63651907063542
Florida St,Minnesota,0.6518603877124354
Florida St,Mt St Mary's,0.9699810203943638
Florida St,MTSU,0.6440592510022716
Florida St,N Kentucky,0.8928065004996234
Florida St,NC Central,0.957432386972519
Florida St,Nevada,0.6295408777709428
Florida St,New Mexico St,0.802610774307376
Florida St,New Orleans,0.9610862746552584
Florida St,North Carolina,0.30743519167801925
Florida St,North Dakota,0.9340139208074513
Florida St,Northwestern,0.6048685890963326
Florida St,Notre Dame,0.31005836974906253
Florida St,Oklahoma St,0.5463331484447269
Florida St,Oregon,0.3703333362568133
Florida St,Princeton,0.8011285933627343
Florida St,Providence,0.6190431958217273
Florida St,Purdue,0.47372938122678
Florida St,Rhode Island,0.5790522037816654
Florida St,S Dakota St,0.8953900392150979
Florida St,Seton Hall,0.5072256583614617
Florida St,SMU,0.4114619607394414
Florida St,South Carolina,0.6261285840793749
Florida St,St Mary's CA,0.5073129471258331
Florida St,Troy,0.9291690265034451
Florida St,TX Southern,0.9342870146872787
Florida St,UC Davis,0.9320592080029215
Florida St,UCLA,0.36426398921088665
Florida St,UNC Wilmington,0.7054575722353233
Florida St,USC,0.574010559727452
Florida St,VA Commonwealth,0.5979152009922266
Florida St,Vanderbilt,0.6963108471106779
Florida St,Vermont,0.8104109143605741
Florida St,Villanova,0.24972087556098588
Florida St,Virginia,0.3670045838928825
Florida St,Virginia Tech,0.6173985878659041
Florida St,Wake Forest,0.6729708791308693
Florida St,West Virginia,0.27325863571786657
Florida St,Wichita St,0.4346045332520796
Florida St,Winthrop,0.9108083872959339
Florida St,Wisconsin,0.48016934575237014
Florida St,Xavier,0.5419914462143676
Gonzaga,Iona,0.918287563452283
Gonzaga,Iowa St,0.5757091375817425
Gonzaga,Jacksonville St,0.9734827477533609
Gonzaga,Kansas,0.40706508967328103
Gonzaga,Kansas St,0.7328734345795147
Gonzaga,Kent,0.8878349037063018
Gonzaga,Kentucky,0.393006953496573
Gonzaga,Louisville,0.5389117102960531
Gonzaga,Marquette,0.7006822991280682
Gonzaga,Maryland,0.7198423962160665
Gonzaga,Miami FL,0.6824222862161575
Gonzaga,Michigan,0.6521474948012598
Gonzaga,Michigan St,0.7663497658945313
Gonzaga,Minnesota,0.7781214894759415
Gonzaga,Mt St Mary's,0.9837451018043764
Gonzaga,MTSU,0.772160730279353
Gonzaga,N Kentucky,0.9397584253456507
Gonzaga,NC Central,0.9768126331560295
Gonzaga,Nevada,0.7609279203232624
Gonzaga,New Mexico St,0.8839334658357416
Gonzaga,New Orleans,0.9788397395626084
Gonzaga,North Carolina,0.45397772140218806
Gonzaga,North Dakota,0.9636513818657669
Gonzaga,Northwestern,0.7414116695834423
Gonzaga,Notre Dame,0.4570261449128984
Gonzaga,Oklahoma St,0.6928317816573544
Gonzaga,Oregon,0.5241658555422941
Gonzaga,Princeton,0.8829728938043637
Gonzaga,Providence,0.7526907583463971
Gonzaga,Purdue,0.6276962992364499
Gonzaga,Rhode Island,0.720392560611885
Gonzaga,S Dakota St,0.941284766490641
Gonzaga,Seton Hall,0.6584580959003173
Gonzaga,SMU,0.5669949173355772
Gonzaga,South Carolina,0.758261121666941
Gonzaga,St Mary's CA,0.6585366299956922
Gonzaga,Troy,0.9608914428274922
Gonzaga,TX Southern,0.9638065695019229
Gonzaga,UC Davis,0.9625394106174299
Gonzaga,UCLA,0.5176479934385863
Gonzaga,UNC Wilmington,0.8177160378183486
Gonzaga,USC,0.7162141063619685
Gonzaga,VA Commonwealth,0.735811632643007
Gonzaga,Vanderbilt,0.8111220329469461
Gonzaga,Vermont,0.8889645913833846
Gonzaga,Villanova,0.3840068040609632
Gonzaga,Virginia,0.5205975909161107
Gonzaga,Virginia Tech,0.7513914040453067
Gonzaga,Wake Forest,0.7939953228009091
Gonzaga,West Virginia,0.4132306099075157
Gonzaga,Wichita St,0.5901140641309034
Gonzaga,Winthrop,0.9503141011833857
Gonzaga,Wisconsin,0.633708965856244
Gonzaga,Xavier,0.6890942450392299
Iona,Iowa St,0.11297895424363436
Iona,Jacksonville St,0.7750821942051334
Iona,Kansas,0.06054221284097727
Iona,Kansas St,0.20479343808716022
Iona,Kent,0.4262820814996431
Iona,Kentucky,0.05729497361374347
Iona,Louisville,0.09886602529816657
Iona,Marquette,0.18015444248581236
Iona,Maryland,0.1943215396948258
Iona,Miami FL,0.16785245651293357
Iona,Michigan,0.14964879052953306
Iona,Michigan St,0.2354053157278111
Iona,Minnesota,0.24766627863645252
Iona,Mt St Mary's,0.850321140645568
Iona,MTSU,0.24134893445344652
Iona,N Kentucky,0.5942130421931305
Iona,NC Central,0.798160480614068
Iona,Nevada,0.2300414877010042
Iona,New Mexico St,0.41687083155073457
Iona,New Orleans,0.8128129333523664
Iona,North Carolina,0.07239544359775663
Iona,North Dakota,0.7133525927568036
Iona,Northwestern,0.2120634892019797
Iona,Notre Dame,0.07322519366513913
Iona,Oklahoma St,0.17473142325595592
Iona,Oregon,0.09371362908777958
Iona,Princeton,0.41460475491164916
Iona,Providence,0.22220967222889476
Iona,Purdue,0.13663741075932312
Iona,Rhode Island,0.1947492585678372
Iona,S Dakota St,0.6007751645115984
Iona,Seton Hall,0.15323896026753636
Iona,SMU,0.10946187232269289
Iona,South Carolina,0.2274650210503466
Iona,St Mary's CA,0.15328428057011534
Iona,Troy,0.6975524096534124
Iona,TX Southern,0.7142595428717138
Iona,UC Davis,0.7069123723119968
Iona,UCLA,0.0915188489127845
Iona,UNC Wilmington,0.2963163899415008
Iona,USC,0.19153119433220978
Iona,VA Commonwealth,0.20725713215669084
Iona,Vanderbilt,0.28730010102832315
Iona,Vermont,0.4290710513770044
Iona,Villanova,0.055282677106015865
Iona,Virginia,0.09250599702435536
Iona,Virginia Tech,0.22100770955241744
Iona,Wake Forest,0.26567619967259837
Iona,West Virginia,0.062008084016077936
Iona,Wichita St,0.11905458620542131
Iona,Winthrop,0.6422678474475167
Iona,Wisconsin,0.13971141915908092
Iona,Xavier,0.1722217689156441
Iowa St,Jacksonville St,0.9603931801272355
Iowa St,Kansas,0.311985190220619
Iowa St,Kansas St,0.6443986675246188
Iowa St,Kent,0.8394404765154156
Iowa St,Kentucky,0.29955178223048173
Iowa St,Louisville,0.4356634134636006
Iowa St,Marquette,0.6072592097710887
Iowa St,Maryland,0.6292351186783778
Iowa St,Miami FL,0.5866619516936193
Iowa St,Michigan,0.5532347408931992
Iowa St,Michigan St,0.6841846857080472
Iowa St,Minnesota,0.6984672322479406
Iowa St,Mt St Mary's,0.9755942834522243
Iowa St,MTSU,0.6912157503948586
Iowa St,N Kentucky,0.9115345173261014
Iowa St,NC Central,0.9653082021671381
Iowa St,Nevada,0.6776581717856236
Iowa St,New Mexico St,0.8341701430238035
Iowa St,New Orleans,0.9683084286448133
Iowa St,North Carolina,0.35449132705972575
Iowa St,North Dakota,0.9459781200854974
Iowa St,Northwestern,0.6544313972559551
Iowa St,Notre Dame,0.357308864963493
Iowa St,Oklahoma St,0.5983629231401573
Iowa St,Oregon,0.42116218776960324
Iowa St,Princeton,0.8328755942673144
Iowa St,Providence,0.6678044982885317
Iowa St,Purdue,0.5268749280220508
Iowa St,Rhode Island,0.6298717258884357
Iowa St,S Dakota St,0.9137103056437272
Iowa St,Seton Hall,0.5601294388396078
Iowa St,SMU,0.46377800639123834
Iowa St,South Carolina,0.6744598999200495
Iowa St,St Mary's CA,0.5602154815964836
Iowa St,Troy,0.9419570830972733
Iowa St,TX Southern,0.9462045501322004
Iowa St,UC Davis,0.9443567099022151
Iowa St,UCLA,0.41480859074841525
Iowa St,UNC Wilmington,0.7476666737679054
Iowa St,USC,0.6250446143039722
Iowa St,VA Commonwealth,0.6478424054234184
Iowa St,Vanderbilt,0.7393464082631964
Iowa St,Vermont,0.8409702703584926
Iowa St,Villanova,0.2916634511540791
Iowa St,Virginia,0.41767962079423493
Iowa St,Virginia Tech,0.6662569062338849
Iowa St,Wake Forest,0.7179743023361015
Iowa St,West Virginia,0.3174816961468363
Iowa St,Wichita St,0.4874261063352654
Iowa St,Winthrop,0.9266496503398161
Iowa St,Wisconsin,0.5333052353450948
Iowa St,Xavier,0.5941492590395571
Jacksonville St,Kansas,0.019206487348572443
Jacksonville St,Kansas St,0.07257766203952898
Jacksonville St,Kent,0.1841937991607996
Jacksonville St,Kentucky,0.018133534731628154
Jacksonville St,Louisville,0.032262974739888484
Jacksonville St,Marquette,0.06259363409671514
Jacksonville St,Maryland,0.06828592345504747
Jacksonville St,Miami FL,0.05775386718008757
Jacksonville St,Michigan,0.05076206749419632
Jacksonville St,Michigan St,0.08555257263169047
Jacksonville St,Minnesota,0.09093681903563633
Jacksonville St,Mt St Mary's,0.6332001457568524
Jacksonville St,MTSU,0.08814884130170808
Jacksonville St,N Kentucky,0.3079454362624803
Jacksonville St,NC Central,0.5457925542172319
Jacksonville St,Nevada,0.08323152528703415
Jacksonville St,New Mexico St,0.17846469521752995
Jacksonville St,New Orleans,0.5688696157318438
Jacksonville St,North Carolina,0.023166386408147166
Jacksonville St,North Dakota,0.43059379189046354
Jacksonville St,Northwestern,0.07560034745120159
Jacksonville St,Notre Dame,0.023446166191003037
Jacksonville St,Oklahoma St,0.06044851400824092
Jacksonville St,Oregon,0.030464248936779348
Jacksonville St,Princeton,0.17710098293286525
Jacksonville St,Providence,0.07987935269849611
Jacksonville St,Purdue,0.045884569070584025
Jacksonville St,Rhode Island,0.06845979924902201
Jacksonville St,S Dakota St,0.3137908448231881
Jacksonville St,Seton Hall,0.05212530377318092
Jacksonville St,SMU,0.03600593190019108
Jacksonville St,South Carolina,0.08212395296221142
Jacksonville St,St Mary's CA,0.05214256126210126
Jacksonville St,Troy,0.41205364311572845
Jacksonville St,TX Southern,0.43168263701189213
Jacksonville St,UC Davis,0.4229398019328764
Jacksonville St,UCLA,0.029702226319615388
Jacksonville St,UNC Wilmington,0.11344219841279457
Jacksonville St,USC,0.06715452744197348
Jacksonville St,VA Commonwealth,0.07359799251667998
Jacksonville St,Vanderbilt,0.10912744817980136
Jacksonville St,Vermont,0.18591214652991095
Jacksonville St,Villanova,0.017471163678556167
Jacksonville St,Virginia,0.03004465391032085
Jacksonville St,Virginia Tech,0.07936871234625664
Jacksonville St,Wake Forest,0.09905012239617106
Jacksonville St,West Virginia,0.019692501246287963
Jacksonville St,Wichita St,0.03944646113068473
Jacksonville St,Winthrop,0.35298796819815015
Jacksonville St,Wisconsin,0.04702807397618958
Jacksonville St,Xavier,0.05946202816605328
Kansas,Kansas St,0.7956451363005878
Kansas,Kent,0.918254120583468
Kansas,Kentucky,0.4788513235371302
Kansas,Louisville,0.6238699645766757
Kansas,Marquette,0.7686304076939121
Kansas,Maryland,0.7847769829664804
Kansas,Miami FL,0.7530546826165293
Kansas,Michigan,0.7268178332736205
Kansas,Michigan St,0.8231531591155793
Kansas,Minnesota,0.8326878353843363
Kansas,Mt St Mary's,0.9884906262946829
Kansas,MTSU,0.8278687167832078
Kansas,N Kentucky,0.9567814397727566
Kansas,NC Central,0.9835482053139702
Kansas,Nevada,0.8187376632891524
Kansas,New Mexico St,0.9153098251890532
Kansas,New Orleans,0.9849955136177486
Kansas,North Carolina,0.5412642246598779
Kansas,North Dakota,0.9741087588186248
Kansas,Northwestern,0.8027170848333615
Kansas,Notre Dame,0.5443144813872435
Kansas,Oklahoma St,0.7619565861288239
Kansas,Oregon,0.609874238445532
Kansas,Princeton,0.9145838327480386
Kansas,Providence,0.8120002082837394
Kansas,Purdue,0.7052430444988439
Kansas,Rhode Island,0.7852376749885253
Kansas,S Dakota St,0.9578957928752047
Kansas,Seton Hall,0.732329798930673
Kansas,SMU,0.6501379631850803
Kansas,South Carolina,0.8165602624054615
Kansas,St Mary's CA,0.7323982502205972
Kansas,Troy,0.9721198725460464
Kansas,TX Southern,0.974220493877528
Kansas,UC Davis,0.9733078368187134
Kansas,UCLA,0.6036426384443416
Kansas,UNC Wilmington,0.864243797442948
Kansas,USC,0.7817346637913445
Kansas,VA Commonwealth,0.7980831179994465
Kansas,Vanderbilt,0.8590427708570213
Kansas,Vermont,0.9191053514439675
Kansas,Villanova,0.46940556247147036
Kansas,Virginia,0.6064661528384494
Kansas,Virginia Tech,0.8109341916031936
Kansas,Wake Forest,0.8454332948216221
Kansas,West Virginia,0.49985468891751206
Kansas,Wichita St,0.6713907060803892
Kansas,Winthrop,0.9644670837149248
Kansas,Wisconsin,0.7105807848118717
Kansas,Xavier,0.7587672864940161
Kansas St,Kent,0.7397128029840512
Kansas St,Kentucky,0.18861609701988968
Kansas St,Louisville,0.2955924697137027
Kansas St,Marquette,0.45666188518862516
Kansas St,Maryland,0.47984652812027995
Kansas St,Miami FL,0.43550838814929516
Kansas St,Michigan,0.4023109438505248
Kansas St,Michigan St,0.5407781869252498
Kansas St,Minnesota,0.5573502719160197
Kansas St,Mt St Mary's,0.9560028049821139
Kansas St,MTSU,0.5488969071336738
Kansas St,N Kentucky,0.8485048976516206
Kansas St,NC Central,0.937984536216294
Kansas St,Nevada,0.5333095851840645
Kansas St,New Mexico St,0.7322132090191172
Kansas St,New Orleans,0.9432087547978998
Kansas St,North Carolina,0.2298870274966034
Kansas St,North Dakota,0.9049292867237357
Kansas St,Northwestern,0.5072447744806683
Kansas St,Notre Dame,0.23207024900647444
Kansas St,Oklahoma St,0.44745822139028835
Kansas St,Oregon,0.28341212583439057
Kansas St,Princeton,0.7303799933151569
Kansas St,Providence,0.522154822442217
Kansas St,Purdue,0.3770728820294055
Kansas St,Rhode Island,0.48052787918527573
Kansas St,S Dakota St,0.8519791537403951
Kansas St,Seton Hall,0.4090468465366829
Kansas St,SMU,0.3197900765733025
Kansas St,South Carolina,0.5296731203309086
Kansas St,St Mary's CA,0.40913126744860495
Kansas St,Troy,0.8981817040375045
Kansas St,TX Southern,0.9053105488485584
Kansas St,UC Davis,0.9022032088844687
Kansas St,UCLA,0.2781380676273226
Kansas St,UNC Wilmington,0.6169474978066234
Kansas St,USC,0.4753753206454342
Kansas St,VA Commonwealth,0.4999935564079666
Kansas St,Vanderbilt,0.6065849970976256
Kansas St,Vermont,0.7419006388960727
Kansas St,Villanova,0.18288635873156112
Kansas St,Virginia,0.280516600823397
Kansas St,Virginia Tech,0.520415985509918
Kansas St,Wake Forest,0.5805036179539869
Kansas St,West Virginia,0.2018190807860979
Kansas St,Wichita St,0.3407619331979248
Kansas St,Winthrop,0.8728874634418984
Kansas St,Wisconsin,0.38315552391518504
Kansas St,Xavier,0.44313476089735626
Kent,Kentucky,0.07715924897165372
Kent,Louisville,0.1311381273072172
Kent,Marquette,0.2321258481937596
Kent,Maryland,0.24913794350144947
Kent,Miami FL,0.21721522519142844
Kent,Michigan,0.19491206498131808
Kent,Michigan St,0.2975312211755111
Kent,Minnesota,0.31170881522518656
Kent,Mt St Mary's,0.8865602601750604
Kent,MTSU,0.3044189005480462
Kent,N Kentucky,0.6682686756755033
Kent,NC Central,0.8447222016417614
Kent,Nevada,0.29129111937788865
Kent,New Mexico St,0.49583084595922655
Kent,New Orleans,0.8566018030539112
Kent,North Carolina,0.0969566266942209
Kent,North Dakota,0.7739372537728965
Kent,Northwestern,0.2702062291717796
Kent,Notre Dame,0.09803812917347976
Kent,Oklahoma St,0.22556881783548088
Kent,Oregon,0.12453630475300803
Kent,Princeton,0.4934987956353396
Kent,Providence,0.28213815321224445
Kent,Purdue,0.1787926806622715
Kent,Rhode Island,0.24964893152121248
Kent,S Dakota St,0.6742896565282595
Kent,Seton Hall,0.19933358137491886
Kent,SMU,0.14463755150691893
Kent,South Carolina,0.28828550499298844
Kent,St Mary's CA,0.19938932405277787
Kent,Troy,0.760354667443325
Kent,TX Southern,0.7747130527509271
Kent,UC Davis,0.7684163177999878
Kent,UCLA,0.12171660414016172
Kent,UNC Wilmington,0.36680553203831223
Kent,USC,0.24580060851039964
Kent,VA Commonwealth,0.2645244891652079
Kent,Vanderbilt,0.35673172898947136
Kent,Vermont,0.5083274942598911
Kent,Villanova,0.07450442390373002
Kent,Virginia,0.12298537929848175
Kent,Virginia Tech,0.28072902919890763
Kent,Wake Forest,0.33231870272821384
Kent,West Virginia,0.08336190769728924
Kent,Wichita St,0.15677022786797234
Kent,Winthrop,0.7118069554349155
Kent,Wisconsin,0.18261448055078944
Kent,Xavier,0.22252587424220216
Kentucky,Louisville,0.633325574082063
Kentucky,Marquette,0.7757549227686511
Kentucky,Maryland,0.7915391454358192
Kentucky,Miami FL,0.7605093772298723
Kentucky,Michigan,0.7347856159400259
Kentucky,Michigan St,0.8289723396916622
Kentucky,Minnesota,0.8382549238066688
Kentucky,Mt St Mary's,0.9889424272960468
Kentucky,MTSU,0.8335641045633009
Kentucky,N Kentucky,0.9584256343214729
Kentucky,NC Central,0.9841909183703481
Kentucky,Nevada,0.8246711897724346
Kentucky,New Mexico St,0.9183971908124775
Kentucky,New Orleans,0.9855825143077901
Kentucky,North Carolina,0.5513029227646633
Kentucky,North Dakota,0.975110905683373
Kentucky,Northwestern,0.8090527292111365
Kentucky,Notre Dame,0.5543413891813771
Kentucky,Oklahoma St,0.7692249053871638
Kentucky,Oregon,0.6194670817555963
Kentucky,Princeton,0.9176952844819879
Kentucky,Providence,0.8181052839930906
Kentucky,Purdue,0.7135921240363899
Kentucky,Rhode Island,0.7919891994303596
Kentucky,S Dakota St,0.959499387839037
Kentucky,Seton Hall,0.7401942830505541
Kentucky,SMU,0.659293848240284
Kentucky,South Carolina,0.8225496168235031
Kentucky,St Mary's CA,0.7402614364716315
Kentucky,Troy,0.9731968830832235
Kentucky,TX Southern,0.9752184259474993
Kentucky,UC Davis,0.9743401675746
Kentucky,UCLA,0.6132915516338006
Kentucky,UNC Wilmington,0.8689261817176734
Kentucky,USC,0.7885666608214343
Kentucky,VA Commonwealth,0.8045313415694416
Kentucky,Vanderbilt,0.8638762894829749
Kentucky,Vermont,0.9220661328974116
Kentucky,Villanova,0.4795045993519721
Kentucky,Virginia,0.6160900455138496
Kentucky,Virginia Tech,0.8170660860273373
Kentucky,Wake Forest,0.8506523579231233
Kentucky,West Virginia,0.509979178428289
Kentucky,Wichita St,0.680263936892108
Kentucky,Winthrop,0.9658293303092975
Kentucky,Wisconsin,0.718838947788955
Kentucky,Xavier,0.7661030936546187
Louisville,Marquette,0.6699212052696111
Louisville,Maryland,0.690179724830875
Louisville,Miami FL,0.6507200529208341
Louisville,Michigan,0.6191098919744853
Louisville,Michigan St,0.7398315255048135
Louisville,Minnesota,0.7525078138676428
Louisville,Mt St Mary's,0.9812981192694683
Louisville,MTSU,0.7460834882478575
Louisville,N Kentucky,0.9311531831739077
Louisville,NC Central,0.9733503206967786
Louisville,Nevada,0.7340079084003022
Louisville,New Mexico St,0.8684699773529853
Louisville,New Orleans,0.9756725740832162
Louisville,North Carolina,0.41888993745554837
Louisville,North Dakota,0.9583077252396377
Louisville,Northwestern,0.7131225932550314
Louisville,Notre Dame,0.42188479495891174
Louisville,Oklahoma St,0.6616534748999197
Louisville,Oregon,0.4885066447440878
Louisville,Princeton,0.8674006266088197
Louisville,Providence,0.7251782147407047
Louisville,Purdue,0.5937829468029561
Louisville,Rhode Island,0.6907631159627403
Louisville,S Dakota St,0.9328819835041124
Louisville,Seton Hall,0.6256758260977384
Louisville,SMU,0.5316776534272147
Louisville,South Carolina,0.7311469209084955
Louisville,St Mary's CA,0.6257576138609051
Louisville,Troy,0.9551609233911496
Louisville,TX Southern,0.9584847443390045
Louisville,UC Davis,0.9570395694225241
Louisville,UCLA,0.4819830526937463
Louisville,UNC Wilmington,0.7954717318421556
Louisville,USC,0.6863346706564875
Louisville,VA Commonwealth,0.7071519051885014
Louisville,Vanderbilt,0.7882813952206033
Louisville,Vermont,0.8740759080016203
Louisville,Villanova,0.35085206589480034
Louisville,Virginia,0.48493373789018435
Louisville,Virginia Tech,0.723787355537723
Louisville,Wake Forest,0.769671700625186
Louisville,West Virginia,0.3791055630309217
Louisville,Wichita St,0.5552031978843732
Louisville,Winthrop,0.9431254359796832
Louisville,Wisconsin,0.5999942851181814
Louisville,Xavier,0.6577239869984981
Marquette,Maryland,0.5246791910915951
Marquette,Miami FL,0.48002143449981227
Marquette,Michigan,0.4461124273032495
Marquette,Michigan St,0.5849021948467872
Marquette,Minnesota,0.6010566482492694
Marquette,Mt St Mary's,0.9629627154939235
Marquette,MTSU,0.5928281856294906
Marquette,N Kentucky,0.8701603406470485
Marquette,NC Central,0.9476386397162937
Marquette,Nevada,0.5775906691774186
Marquette,New Mexico St,0.7659057426596376
Marquette,New Orleans,0.9520911297900994
Marquette,North Carolina,0.26318210140791465
Marquette,North Dakota,0.9192863883942105
Marquette,Northwestern,0.5519210981356493
Marquette,Notre Dame,0.2655724824423521
Marquette,Oklahoma St,0.4921278405477394
Marquette,Oregon,0.3212258188088384
Marquette,Princeton,0.7642289098151429
Marquette,Providence,0.5666342537560267
Marquette,Purdue,0.42005773192484064
Marquette,Rhode Island,0.5253599049622545
Marquette,S Dakota St,0.8732121782318103
Marquette,Seton Hall,0.45302583295377163
Marquette,SMU,0.3600189132524262
Marquette,South Carolina,0.5740236465406177
Marquette,St Mary's CA,0.45311237099255075
Marquette,Troy,0.9134603446952425
Marquette,TX Southern,0.919615188725974
Marquette,UC Davis,0.9169342000976279
Marquette,UCLA,0.3155579540789041
Marquette,UNC Wilmington,0.6583762297029676
Marquette,USC,0.5202080274319143
Marquette,VA Commonwealth,0.5447372541352822
Marquette,Vanderbilt,0.6484959339681589
Marquette,Vermont,0.7747492718276237
Marquette,Villanova,0.21124143078330238
Marquette,Virginia,0.31811546782648226
Marquette,Virginia Tech,0.5649224088938234
Marquette,Wake Forest,0.6234683199925347
Marquette,West Virginia,0.23227510431554366
Marquette,Wichita St,0.38214681459676847
Marquette,Winthrop,0.8915032114343511
Marquette,Wisconsin,0.42635917909615706
Marquette,Xavier,0.4877537718712297
Maryland,Miami FL,0.45853843989395116
Maryland,Michigan,0.4249069019823074
Maryland,Michigan St,0.5638149119720424
Maryland,Minnesota,0.5802010166654781
Maryland,Mt St Mary's,0.9597598746690473
Maryland,MTSU,0.571848810056355
Maryland,N Kentucky,0.8600982308827154
Maryland,NC Central,0.9431888120705079
Maryland,Nevada,0.5564136463589321
Maryland,New Mexico St,0.750084714478665
Maryland,New Orleans,0.9479989245900216
Maryland,North Carolina,0.24679754700618917
Maryland,North Dakota,0.9126491978484907
Maryland,Northwestern,0.5305032339725353
Maryland,Notre Dame,0.24908942188621108
Maryland,Oklahoma St,0.47059338702853326
Maryland,Oregon,0.3027122984116054
Maryland,Princeton,0.7483317925838154
Maryland,Providence,0.545340323776853
Maryland,Purdue,0.3991980901314912
Maryland,Rhode Island,0.5038138314470028
Maryland,S Dakota St,0.86334943383624
Maryland,Seton Hall,0.4317478419996481
Maryland,SMU,0.3403907988562901
Maryland,South Carolina,0.5528062513345944
Maryland,St Mary's CA,0.4318335244270831
Maryland,Troy,0.9063928537198599
Maryland,TX Southern,0.9130024771427673
Maryland,UC Davis,0.9101224966887794
Maryland,UCLA,0.2972280535943346
Maryland,UNC Wilmington,0.6387159596812002
Maryland,USC,0.49865126519799696
Maryland,VA Commonwealth,0.5232726075127656
Maryland,Vanderbilt,0.6285878277685836
Maryland,Vermont,0.7593381222231214
Maryland,Villanova,0.19722493228083882
Maryland,Virginia,0.2997020590506315
Maryland,Virginia Tech,0.5436121134964599
Maryland,Wake Forest,0.6030104693693269
Maryland,West Virginia,0.2172473611915725
Maryland,Wichita St,0.361994677725355
Maryland,Winthrop,0.8828724624984016
Maryland,Wisconsin,0.4054053612084877
Maryland,Xavier,0.46623500998354683
Miami FL,Michigan,0.44766431369586746
Miami FL,Michigan St,0.5864257187572837
Miami FL,Minnesota,0.6025611690682329
Miami FL,Mt St Mary's,0.963185987935871
Miami FL,MTSU,0.5943427946461893
Miami FL,N Kentucky,0.8708680347000485
Miami FL,NC Central,0.9479492972270974
Miami FL,Nevada,0.5791217185082886
Miami FL,New Mexico St,0.7670295417585915
Miami FL,New Orleans,0.9523766984339936
Miami FL,North Carolina,0.2644013990800189
Miami FL,North Dakota,0.919751013726277
Miami FL,Northwestern,0.553473259851994
Miami FL,Notre Dame,0.2667988445233044
Miami FL,Oklahoma St,0.49369712195924287
Miami FL,Oregon,0.32259629190487227
Miami FL,Princeton,0.7653582926231721
Miami FL,Providence,0.5681753252212975
Miami FL,Purdue,0.42158796928334985
Miami FL,Rhode Island,0.5269252108866398
Miami FL,S Dakota St,0.8739056486116554
Miami FL,Seton Hall,0.4545820311553114
Miami FL,SMU,0.36146675578142273
Miami FL,South Carolina,0.5755581239831262
Miami FL,St Mary's CA,0.45466861936014913
Miami FL,Troy,0.9139553683791822
Miami FL,TX Southern,0.9200780858815011
Miami FL,UC Davis,0.9174111492639787
Miami FL,UCLA,0.316915535979739
Miami FL,UNC Wilmington,0.6597869393114971
Miami FL,USC,0.5217748577064476
Miami FL,VA Commonwealth,0.5462938441811969
Miami FL,Vanderbilt,0.6499257492196157
Miami FL,Vermont,0.7758430415613728
Miami FL,Villanova,0.21228942353018088
Miami FL,Virginia,0.3194789167422737
Miami FL,Virginia Tech,0.5664649102572451
Miami FL,Wake Forest,0.6249410611070063
Miami FL,West Virginia,0.23339656982585966
Miami FL,Wichita St,0.3836303025469032
Miami FL,Winthrop,0.8921089993875926
Miami FL,Wisconsin,0.4278954348780125
Miami FL,Xavier,0.48932254384747165
Michigan,Michigan St,0.6344178338438425
Michigan,Minnesota,0.6497990436196434
Michigan,Mt St Mary's,0.9697157685774258
Michigan,MTSU,0.6419770856243847
Michigan,N Kentucky,0.8919352966536864
Michigan,NC Central,0.9570611621788172
Michigan,Nevada,0.62742291338872
Michigan,New Mexico St,0.8011697676737826
Michigan,New Orleans,0.9607456083336737
Michigan,North Carolina,0.30550722338736735
Michigan,North Dakota,0.9334526627268496
Michigan,Northwestern,0.6026985891954735
Michigan,Notre Dame,0.3081212698721296
Michigan,Oklahoma St,0.5440839852179408
Michigan,Oregon,0.3682206412055109
Michigan,Princeton,0.7996794669427698
Michigan,Providence,0.6169017370782343
Michigan,Purdue,0.47146848941842356
Michigan,Rhode Island,0.576839611973377
Michigan,S Dakota St,0.8945373524876713
Michigan,Seton Hall,0.5049582926271254
Michigan,SMU,0.40926713827446315
Michigan,South Carolina,0.6240027627551219
Michigan,St Mary's CA,0.5050455911082107
Michigan,Troy,0.928569710730296
Michigan,TX Southern,0.9337279146464138
Michigan,UC Davis,0.9314825433797052
Michigan,UCLA,0.3621660037349358
Michigan,UNC Wilmington,0.7035692647910163
Michigan,USC,0.5717910646714786
Michigan,VA Commonwealth,0.5957325366230236
Michigan,Vanderbilt,0.6943893033198427
Michigan,Vermont,0.8090133012113545
Michigan,Villanova,0.24802522367675817
Michigan,Virginia,0.36489987390378986
Michigan,Virginia Tech,0.6152536301395541
Michigan,Wake Forest,0.6709714388150226
Michigan,West Virginia,0.27146098511574923
Michigan,Wichita St,0.43237695563544665
Michigan,Winthrop,0.9100687544241233
Michigan,Wisconsin,0.47790562935733194
Michigan,Xavier,0.5397388918258139
Michigan St,Minnesota,0.5270141995571885
Michigan St,Mt St Mary's,0.9505642527909509
Michigan St,MTSU,0.5184820114634393
Michigan St,N Kentucky,0.8321119450824348
Michigan St,NC Central,0.9304806853944597
Michigan St,Nevada,0.5027957158111869
Michigan St,New Mexico St,0.7075733920706
Michigan St,New Orleans,0.9362940998850704
Michigan St,North Carolina,0.2089605743477425
Michigan St,North Dakota,0.8938782768128296
Michigan St,Northwestern,0.4766989225703173
Michigan St,Notre Dame,0.21099950976493265
Michigan St,Oklahoma St,0.41746249272679037
Michigan St,Oregon,0.2592535667311092
Michigan St,Princeton,0.7056393086506104
Michigan St,Providence,0.49160687807859105
Michigan St,Purdue,0.348816828802225
Michigan St,Rhode Island,0.4501212292677723
Michigan St,S Dakota St,0.8358894313804344
Michigan St,Seton Hall,0.3798558634007829
Michigan St,SMU,0.29380197764575633
Michigan St,South Carolina,0.49914478185696654
Michigan St,St Mary's CA,0.37993813308675684
Michigan St,Troy,0.8864447786514666
Michigan St,TX Southern,0.8942986802072833
Michigan St,UC Davis,0.8908735327717668
Michigan St,UCLA,0.2542695560500502
Michigan St,UNC Wilmington,0.5876741929080963
Michigan St,USC,0.44501540274898166
Michigan St,VA Commonwealth,0.46946834051031927
Michigan St,Vanderbilt,0.5770626606964151
Michigan St,Vermont,0.7178086609637515
Michigan St,Villanova,0.16531989239248446
Michigan St,Virginia,0.2565165075651812
Michigan St,Virginia Tech,0.48986548214904413
Michigan St,Wake Forest,0.5504745208206139
Michigan St,West Virginia,0.18284102092201893
Michigan St,Wichita St,0.3138559152009399
Michigan St,Winthrop,0.8586935092780513
Michigan St,Wisconsin,0.3547032075672921
Michigan St,Xavier,0.4132121153211843
Minnesota,Mt St Mary's,0.944615771703006
Minnesota,MTSU,0.4885178100539527
Minnesota,N Kentucky,0.8146890050181685
Minnesota,NC Central,0.9223131006535469
Minnesota,Nevada,0.4728478375360693
Minnesota,New Mexico St,0.6821628042430519
Minnesota,New Orleans,0.9287572190504441
Minnesota,North Carolina,0.1898322104935738
Minnesota,North Dakota,0.8819559512107553
Minnesota,Northwestern,0.4469082832790575
Minnesota,Notre Dame,0.19172973917130953
Minnesota,Oklahoma St,0.38862457224100555
Minnesota,Oregon,0.23690011331680028
Minnesota,Princeton,0.6801366316520937
Minnesota,Providence,0.461706579851046
Minnesota,Purdue,0.32209893341849005
Minnesota,Rhode Island,0.4206563800352783
Minnesota,S Dakota St,0.8187731301111827
Minnesota,Seton Hall,0.35204582253827643
Minnesota,SMU,0.26955366474026055
Minnesota,South Carolina,0.4692091476628779
Minnesota,St Mary's CA,0.3521254890993796
Minnesota,Troy,0.8738052308045623
Minnesota,TX Southern,0.8824173723395511
Minnesota,UC Davis,0.8786594607817311
Minnesota,UCLA,0.23221112191475546
Minnesota,UNC Wilmington,0.558348026596239
Minnesota,USC,0.4156321510793267
Minnesota,VA Commonwealth,0.43974984686626806
Minnesota,Vanderbilt,0.5475628135882709
Minnesota,Vermont,0.6929014587931808
Minnesota,Villanova,0.14943176281731108
Minnesota,Virginia,0.23432439602592925
Minnesota,Virginia Tech,0.4599752708963507
Minnesota,Wake Forest,0.520660617964351
Minnesota,West Virginia,0.1656031026862046
Minnesota,Wichita St,0.28862895027158797
Minnesota,Winthrop,0.8435103442041769
Minnesota,Wisconsin,0.3277613786511936
Minnesota,Xavier,0.38447402332337166
Mt St Mary's,MTSU,0.051832270158648996
Mt St Mary's,N Kentucky,0.20103940940591525
Mt St Mary's,NC Central,0.40458819391643575
Mt St Mary's,Nevada,0.04883235383753726
Mt St Mary's,New Mexico St,0.10940310908827855
Mt St Mary's,New Orleans,0.4273117224064443
Mt St Mary's,North Carolina,0.013233493453800538
Mt St Mary's,North Dakota,0.2995383028578168
Mt St Mary's,Northwestern,0.044203033285201365
Mt St Mary's,Notre Dame,0.013394958931025047
Mt St Mary's,Oklahoma St,0.03510488538781387
Mt St Mary's,Oregon,0.017458224689106516
Mt St Mary's,Princeton,0.10849742620471059
Mt St Mary's,Providence,0.04679490009850562
Mt St Mary's,Purdue,0.026474957506004815
Mt St Mary's,Rhode Island,0.03990000001368221
Mt St Mary's,S Dakota St,0.20545798873172638
Mt St Mary's,Seton Hall,0.030159247736026074
Mt St Mary's,SMU,0.020684486091554155
Mt St Mary's,South Carolina,0.04815848945070467
Mt St Mary's,St Mary's CA,0.030169464240752952
Mt St Mary's,Troy,0.28382826288905383
Mt St Mary's,TX Southern,0.3004706244499459
Mt St Mary's,UC Davis,0.29301509056941244
Mt St Mary's,UCLA,0.01701582077790087
Mt St Mary's,UNC Wilmington,0.06747609753178985
Mt St Mary's,USC,0.039116391205277656
Mt St Mary's,VA Commonwealth,0.042993592245204604
Mt St Mary's,Vanderbilt,0.06478190699801578
Mt St Mary's,Vermont,0.1143697889826154
Mt St Mary's,Villanova,0.009955286040481015
Mt St Mary's,Virginia,0.017214585639788282
Mt St Mary's,Virginia Tech,0.04648507194061002
Mt St Mary's,Wake Forest,0.05853060321333636
Mt St Mary's,West Virginia,0.011231955794222648
Mt St Mary's,Wichita St,0.02269544999803841
Mt St Mary's,Winthrop,0.23577227799975653
Mt St Mary's,Wisconsin,0.027148512540945968
Mt St Mary's,Xavier,0.03451679893521464
MTSU,N Kentucky,0.8188107039637909
MTSU,NC Central,0.9242635522779165
MTSU,Nevada,0.47971714251582365
MTSU,New Mexico St,0.6881036758428296
MTSU,New Orleans,0.9305580622814368
MTSU,North Carolina,0.19410391130495752
MTSU,North Dakota,0.8847930690647959
MTSU,Northwestern,0.4537250985612674
MTSU,Notre Dame,0.1960338073537825
MTSU,Oklahoma St,0.39518757872376087
MTSU,Oregon,0.24191470086176803
MTSU,Princeton,0.6860979483539368
MTSU,Providence,0.4685578942678845
MTSU,Purdue,0.32814146597570304
MTSU,Rhode Island,0.42738218408955
MTSU,S Dakota St,0.8228237451752081
MTSU,Seton Hall,0.3583531752689697
MTSU,SMU,0.275010350213709
MTSU,South Carolina,0.47607333062112844
MTSU,St Mary's CA,0.35843347959306815
MTSU,Troy,0.8768108838973739
MTSU,TX Southern,0.8852448431796553
MTSU,UC Davis,0.8815651683918517
MTSU,UCLA,0.23715730154796255
MTSU,UNC Wilmington,0.5651278511316429
MTSU,USC,0.42233618454636057
MTSU,VA Commonwealth,0.44654562815912624
MTSU,Vanderbilt,0.5543760636888633
MTSU,Vermont,0.6987302549817028
MTSU,Villanova,0.15296599956040047
MTSU,Virginia,0.23930155951435284
MTSU,Virginia Tech,0.46682317425902964
MTSU,Wake Forest,0.527529425843777
MTSU,West Virginia,0.16944361766735405
MTSU,Wichita St,0.29431619497602823
MTSU,Winthrop,0.8471112990679712
MTSU,Wisconsin,0.3338578225877623
MTSU,Xavier,0.39101176534061044
N Kentucky,NC Central,0.7344171456525369
N Kentucky,Nevada,0.17282119260708684
N Kentucky,New Mexico St,0.3332952110177747
N Kentucky,New Orleans,0.752260723584312
N Kentucky,North Carolina,0.051752216207892277
N Kentucky,North Dakota,0.6350715750208591
N Kentucky,Northwestern,0.15839508361849164
N Kentucky,Notre Dame,0.052358721739040326
N Kentucky,Oklahoma St,0.1289645356935567
N Kentucky,Oregon,0.06743352495194765
N Kentucky,Princeton,0.3312253902285093
N Kentucky,Providence,0.16651615143569665
N Kentucky,Purdue,0.0996436412544337
N Kentucky,Rhode Island,0.14465822131443917
N Kentucky,S Dakota St,0.5127496289495314
N Kentucky,Seton Hall,0.112335250630056
N Kentucky,SMU,0.0791511887553159
N Kentucky,South Carolina,0.17074347701255033
N Kentucky,St Mary's CA,0.11237007906613095
N Kentucky,Troy,0.6172715261189301
N Kentucky,TX Southern,0.6360998572292791
N Kentucky,UC Davis,0.6277902669952926
N Kentucky,UCLA,0.06580953385477761
N Kentucky,UNC Wilmington,0.22748141879683292
N Kentucky,USC,0.14212178250364116
N Kentucky,VA Commonwealth,0.1545664929442112
N Kentucky,Vanderbilt,0.21990508987738855
N Kentucky,Vermont,0.3444944757984181
N Kentucky,Villanova,0.03931227563446282
N Kentucky,Virginia,0.06653968484746653
N Kentucky,Virginia Tech,0.16555132129988237
N Kentucky,Wake Forest,0.20191662027821466
N Kentucky,West Virginia,0.044185676353481806
N Kentucky,Wichita St,0.0863451686004566
N Kentucky,Winthrop,0.5566394649360209
N Kentucky,Wisconsin,0.10198369095461934
N Kentucky,Xavier,0.1270110603493949
NC Central,Nevada,0.07077809595014495
NC Central,New Mexico St,0.1541581547775288
NC Central,New Orleans,0.5253959957504484
NC Central,North Carolina,0.019508892395074695
NC Central,North Dakota,0.38817307348566643
NC Central,Northwestern,0.06420875503288848
NC Central,Notre Dame,0.019745393595023697
NC Central,Oklahoma St,0.051213537880752
NC Central,Oregon,0.025684868610490907
NC Central,Princeton,0.1529455990675408
NC Central,Providence,0.06789034575409081
NC Central,Purdue,0.03878274541592219
NC Central,Rhode Island,0.05807655919159849
NC Central,S Dakota St,0.277273790133558
NC Central,Seton Hall,0.04410221266535708
NC Central,SMU,0.030384391678849654
NC Central,South Carolina,0.06982362132499609
NC Central,St Mary's CA,0.044116937523751454
NC Central,Troy,0.37027169954618644
NC Central,TX Southern,0.3892279751173485
NC Central,UC Davis,0.3807688899269627
NC Central,UCLA,0.02503930832373691
NC Central,UNC Wilmington,0.09694653578281598
NC Central,USC,0.05695715241403865
NC Central,VA Commonwealth,0.062487722830828374
NC Central,Vanderbilt,0.09319324259079398
NC Central,Vermont,0.1607898008451618
NC Central,Villanova,0.0146992972813903
NC Central,Virginia,0.025329381926067707
NC Central,Virginia Tech,0.06745072855860101
NC Central,Wake Forest,0.08444787301667445
NC Central,West Virginia,0.016574156207240565
NC Central,Wichita St,0.03330631655922145
NC Central,Winthrop,0.31399666048781105
NC Central,Wisconsin,0.03975663816162245
NC Central,Xavier,0.050369682073213906
Nevada,New Mexico St,0.7086551646258064
Nevada,New Orleans,0.9366055729596523
Nevada,North Carolina,0.20982702467036307
Nevada,North Dakota,0.8943737354986724
Nevada,Northwestern,0.4780046962438518
Nevada,Notre Dame,0.21187215005934712
Nevada,Oklahoma St,0.4187358437660742
Nevada,Oregon,0.2602599444610125
Nevada,Princeton,0.7067252704561469
Nevada,Providence,0.49291502293205025
Nevada,Purdue,0.3500066001839298
Nevada,Rhode Island,0.4514170024328107
Nevada,S Dakota St,0.8366061384907231
Nevada,Seton Hall,0.38108954700899267
Nevada,SMU,0.29488907715408297
Nevada,South Carolina,0.5004532399689195
Nevada,St Mary's CA,0.38117191965758257
Nevada,Troy,0.8869705542499805
Nevada,TX Southern,0.894792407137203
Nevada,UC Davis,0.8913813152820397
Nevada,UCLA,0.2552632537622286
Nevada,UNC Wilmington,0.5889418361331944
Nevada,USC,0.4463084074805802
Nevada,VA Commonwealth,0.4707721260569635
Nevada,Vanderbilt,0.5783395199108086
Nevada,Vermont,0.7188676140362452
Nevada,Villanova,0.16604337104532718
Nevada,Virginia,0.25751595414643247
Nevada,Virginia Tech,0.4911734700529402
Nevada,Wake Forest,0.5517693007604435
Nevada,West Virginia,0.1836243077885682
Nevada,Wichita St,0.3149841204070596
Nevada,Winthrop,0.859327386111349
Nevada,Wisconsin,0.3559020832531202
Nevada,Xavier,0.4144817262214674
New Mexico St,New Orleans,0.8626603652326861
New Mexico St,North Carolina,0.10144323044059278
New Mexico St,North Dakota,0.7826020027996847
New Mexico St,Northwestern,0.2802220965171567
New Mexico St,Notre Dame,0.1025690944490466
New Mexico St,Oklahoma St,0.2344616624772623
New Mexico St,Oregon,0.13011525370591082
New Mexico St,Princeton,0.5060522093391981
New Mexico St,Providence,0.29241908848060416
New Mexico St,Purdue,0.18628500812270943
New Mexico St,Rhode Island,0.25917340492663266
New Mexico St,S Dakota St,0.685220353097802
New Mexico St,Seton Hall,0.20746921361029602
New Mexico St,SMU,0.15096171418265802
New Mexico St,South Carolina,0.2986972387138822
New Mexico St,St Mary's CA,0.20752664169247403
New Mexico St,Troy,0.7693848943692997
New Mexico St,TX Southern,0.7833563899110874
New Mexico St,UC Davis,0.7772317687338349
New Mexico St,UCLA,0.12718758805344732
New Mexico St,UNC Wilmington,0.3785447836664867
New Mexico St,USC,0.2552282025565906
New Mexico St,VA Commonwealth,0.2744089390797737
New Mexico St,Vanderbilt,0.368336123293186
New Mexico St,Vermont,0.5208702069499607
New Mexico St,Villanova,0.07804185479069403
New Mexico St,Virginia,0.12850504858452128
New Mexico St,Virginia Tech,0.2909794302060976
New Mexico St,Wake Forest,0.3435530823316051
New Mexico St,West Virginia,0.08728022679549119
New Mexico St,Wichita St,0.1635234657634006
New Mexico St,Winthrop,0.7219976863620285
New Mexico St,Wisconsin,0.19022986208336623
New Mexico St,Xavier,0.23133458909671267
New Orleans,North Carolina,0.017114172616420897
New Orleans,North Dakota,0.3570018276873098
New Orleans,Northwestern,0.056644105155183255
New Orleans,Notre Dame,0.017322156132426048
New Orleans,Oklahoma St,0.04510610206690746
New Orleans,Oregon,0.022549481672613503
New Orleans,Princeton,0.13645095269018803
New Orleans,Providence,0.059919728144713025
New Orleans,Purdue,0.03410444905508925
New Orleans,Rhode Island,0.05119484025759491
New Orleans,S Dakota St,0.25134949507182613
New Orleans,Seton Hall,0.038808145143660266
New Orleans,SMU,0.02669104324958138
New Orleans,South Carolina,0.06164103887534145
New Orleans,St Mary's CA,0.03882117420301123
New Orleans,Troy,0.33973973890818776
New Orleans,TX Southern,0.3580215884187391
New Orleans,UC Davis,0.34985223140069277
New Orleans,UCLA,0.021980947950361207
New Orleans,UNC Wilmington,0.0858788952352193
New Orleans,USC,0.05020100700128427
New Orleans,VA Commonwealth,0.05511389187150817
New Orleans,Vanderbilt,0.08251493463217463
New Orleans,Vermont,0.14359259352704012
New Orleans,Villanova,0.012887196392753708
New Orleans,Virginia,0.022236399351874714
New Orleans,Virginia Tech,0.05952842767364086
New Orleans,Wake Forest,0.07468909564100124
New Orleans,West Virginia,0.01453433576505625
New Orleans,Wichita St,0.02926851719414758
New Orleans,Winthrop,0.2859975827557544
New Orleans,Wisconsin,0.03496513618597574
New Orleans,Xavier,0.04435817484349902
North Carolina,North Dakota,0.9692190673022397
North Carolina,Northwestern,0.773002015737234
North Carolina,Notre Dame,0.4999253142229988
North Carolina,Oklahoma St,0.728181055000797
North Carolina,Oregon,0.5667886143250456
North Carolina,Princeton,0.8996110846028945
North Carolina,Providence,0.7833059224819364
North Carolina,Purdue,0.6669379837259755
North Carolina,Rhode Island,0.7536976593118219
North Carolina,S Dakota St,0.9501010475229067
North Carolina,Seton Hall,0.6960275844700805
North Carolina,SMU,0.6086456198868788
North Carolina,South Carolina,0.7883805871709438
North Carolina,St Mary's CA,0.6961014668772754
North Carolina,Troy,0.9668673456003222
North Carolina,TX Southern,0.9693512401588498
North Carolina,UC Davis,0.9682718138476453
North Carolina,UCLA,0.5603649058745038
North Carolina,UNC Wilmington,0.8419715651567623
North Carolina,USC,0.7498440865060622
North Carolina,VA Commonwealth,0.7678719125212687
North Carolina,Vanderbilt,0.836079097467304
North Carolina,Vermont,0.904842724183117
North Carolina,Villanova,0.42542210310114015
North Carolina,Virginia,0.5632736687076283
North Carolina,Virginia Tech,0.782120858141421
North Carolina,Wake Forest,0.8207151959310479
North Carolina,West Virginia,0.45546725836986013
North Carolina,Wichita St,0.630988250976972
North Carolina,Winthrop,0.9578353306554152
North Carolina,Wisconsin,0.6726474104174103
North Carolina,Xavier,0.7247027298705515
North Dakota,Northwestern,0.09718247281501324
North Dakota,Notre Dame,0.030632883462218374
North Dakota,Oklahoma St,0.07807045727377993
North Dakota,Oregon,0.039714663795816674
North Dakota,Princeton,0.2207398889957055
North Dakota,Providence,0.10254752138698087
North Dakota,Purdue,0.059529838522580425
North Dakota,Rhode Island,0.08819795718738177
North Dakota,S Dakota St,0.3757323216616498
North Dakota,Seton Hall,0.06749517135445682
North Dakota,SMU,0.0468577428076864
North Dakota,South Carolina,0.10535615946880872
North Dakota,St Mary's CA,0.06751715499106836
North Dakota,Troy,0.47982879551232827
North Dakota,TX Southern,0.4999410550480108
North Dakota,UC Davis,0.49101017015731163
North Dakota,UCLA,0.038730497686926824
North Dakota,UNC Wilmington,0.14414276551345429
North Dakota,USC,0.08655131852670395
North Dakota,VA Commonwealth,0.09466703222558781
North Dakota,Vanderbilt,0.13884319670334255
North Dakota,Vermont,0.23111241863879273
North Dakota,Villanova,0.02286931335789244
North Dakota,Virginia,0.03917280729107675
North Dakota,Virginia Tech,0.10190802094462226
North Dakota,Wake Forest,0.12641115807462366
North Dakota,West Virginia,0.02575899457190156
North Dakota,Wichita St,0.05128005111528511
North Dakota,Winthrop,0.4179541761031833
North Dakota,Wisconsin,0.06099166364191577
North Dakota,Xavier,0.07681990442718456
Northwestern,Notre Dame,0.2406349612946005
Northwestern,Oklahoma St,0.45921848461206094
Northwestern,Oregon,0.2931483245956108
Northwestern,Princeton,0.7396226081007002
Northwestern,Providence,0.533981032762626
Northwestern,Purdue,0.38828321239779784
Northwestern,Rhode Island,0.4923827726122175
Northwestern,S Dakota St,0.8578645289241624
Northwestern,Seton Hall,0.4205659784599529
Northwestern,SMU,0.3302001251708516
Northwestern,South Carolina,0.5414766554768559
Northwestern,St Mary's CA,0.42065108448708977
Northwestern,Troy,0.9024404027360193
Northwestern,TX Southern,0.9093011830037195
Northwestern,UC Davis,0.9063112476651103
Northwestern,UCLA,0.28776584285498075
Northwestern,UNC Wilmington,0.6280986233439858
Northwestern,USC,0.48722232244159214
Northwestern,VA Commonwealth,0.5118554910754639
Northwestern,Vanderbilt,0.6178509305825861
Northwestern,Vermont,0.750883026189025
Northwestern,Villanova,0.1900852125290684
Northwestern,Virginia,0.290193610690926
Northwestern,Virginia Tech,0.5322466794507947
Northwestern,Wake Forest,0.5920140815710202
Northwestern,West Virginia,0.20957203523861745
Northwestern,Wichita St,0.35150188915943437
Northwestern,Winthrop,0.8780604980613628
Northwestern,Wisconsin,0.3944321865280451
Northwestern,Xavier,0.4548749388313208
Notre Dame,Oklahoma St,0.7301252848872269
Notre Dame,Oregon,0.5692042894652749
Notre Dame,Princeton,0.9004966861868265
Notre Dame,Providence,0.784972294152585
Notre Dame,Purdue,0.6691212183603732
Notre Dame,Rhode Island,0.7555206539189723
Notre Dame,S Dakota St,0.9505657169287213
Notre Dame,Seton Hall,0.6981064496666991
Notre Dame,SMU,0.6109880866888836
Notre Dame,South Carolina,0.7900183960180696
Notre Dame,St Mary's CA,0.6981800458988451
Notre Dame,Troy,0.9671812768975842
Notre Dame,TX Southern,0.9696423755459272
Notre Dame,UC Davis,0.9685728703756816
Notre Dame,UCLA,0.5627887700469726
Notre Dame,UNC Wilmington,0.8432770626126771
Notre Dame,USC,0.7516862062530709
Notre Dame,VA Commonwealth,0.7696220642718778
Notre Dame,Vanderbilt,0.8374238741747073
Notre Dame,Vermont,0.9056870122361415
Notre Dame,Villanova,0.4278302942295815
Notre Dame,Virginia,0.5656939252119197
Notre Dame,Virginia Tech,0.7837938275461535
Notre Dame,Wake Forest,0.8221592049574942
Notre Dame,West Virginia,0.4579099835766215
Notre Dame,Wichita St,0.6332775619928392
Notre Dame,Winthrop,0.9582311431360008
Notre Dame,Wisconsin,0.6748114676317847
Notre Dame,Xavier,0.7266625001048536
Oklahoma St,Oregon,0.3305249603876729
Oklahoma St,Princeton,0.7717710099870719
Oklahoma St,Providence,0.5769986172769477
Oklahoma St,Purdue,0.4304037709906715
Oklahoma St,Rhode Island,0.5359028953165903
Oklahoma St,S Dakota St,0.8778253427059135
Oklahoma St,Seton Hall,0.46353485975321274
Oklahoma St,SMU,0.3698291981299716
Oklahoma St,South Carolina,0.5843409232231722
Oklahoma St,St Mary's CA,0.4636217037051834
Oklahoma St,Troy,0.9167487000809186
Oklahoma St,TX Southern,0.9226894646347273
Oklahoma St,UC Davis,0.9201021007791854
Oklahoma St,UCLA,0.32477152337844406
Oklahoma St,UNC Wilmington,0.6678326996098736
Oklahoma St,USC,0.5307632428185147
Oklahoma St,VA Commonwealth,0.5552142310313957
Oklahoma St,Vanderbilt,0.6580838645076963
Oklahoma St,Vermont,0.7820508116501446
Oklahoma St,Villanova,0.21838100367147562
Oklahoma St,Virginia,0.32736799438230924
Oklahoma St,Virginia Tech,0.5752970272280316
Oklahoma St,Wake Forest,0.6333529542869584
Oklahoma St,West Virginia,0.23990934908121964
Oklahoma St,Wichita St,0.3921905603378263
Oklahoma St,Winthrop,0.8955304795035024
Oklahoma St,Wisconsin,0.43674354119071335
Oklahoma St,Xavier,0.49833443657704246
Oregon,Princeton,0.8699206833115036
Oregon,Providence,0.7295584803986381
Oregon,Purdue,0.5990996992189546
Oregon,Rhode Island,0.6954615550411942
Oregon,S Dakota St,0.9342518942892
Oregon,Seton Hall,0.6308346727020051
Oregon,SMU,0.5371736795759661
Oregon,South Carolina,0.7354667567771705
Oregon,St Mary's CA,0.630915998204965
Oregon,Troy,0.9560975101893259
Oregon,TX Southern,0.9593548583866138
Oregon,UC Davis,0.9579386435555088
Oregon,UCLA,0.4875001148236888
Oregon,UNC Wilmington,0.7990420932831132
Oregon,USC,0.6910703024936407
Oregon,VA Commonwealth,0.7117052628442349
Oregon,Vanderbilt,0.7919444458793908
Oregon,Vermont,0.8764871653998821
Oregon,Villanova,0.3558993771974345
Oregon,Virginia,0.49045259724645907
Oregon,Virginia Tech,0.7281814801550158
Oregon,Wake Forest,0.7735642387027934
Oregon,West Virginia,0.38431869189466494
Oregon,Wichita St,0.5606512801722247
Oregon,Winthrop,0.9442987565442342
Oregon,Wisconsin,0.6052837826443342
Oregon,Xavier,0.6626792765672738
Princeton,Providence,0.28959782953339563
Princeton,Purdue,0.18422113352328828
Princeton,Rhode Island,0.25655660032264105
Princeton,S Dakota St,0.6822634961247764
Princeton,Seton Hall,0.20522983168260123
Princeton,SMU,0.1492174255298706
Princeton,South Carolina,0.295840733260472
Princeton,St Mary's CA,0.2052868004596906
Princeton,Troy,0.7669497416960874
Princeton,TX Southern,0.7810267792382495
Princeton,UC Davis,0.7748552274535769
Princeton,UCLA,0.1256773360570702
Princeton,UNC Wilmington,0.3753333531138985
Princeton,USC,0.25263764748215356
Princeton,VA Commonwealth,0.2716947214750254
Princeton,Vanderbilt,0.3651604101533137
Princeton,Vermont,0.5174567160982557
Princeton,Villanova,0.07706364436539348
Princeton,Virginia,0.1269814287306401
Princeton,Virginia Tech,0.2881664043702167
Princeton,Wake Forest,0.34047586981765166
Princeton,West Virginia,0.08619704494381764
Princeton,Wichita St,0.16166166862817843
Princeton,Winthrop,0.7192447469877594
Princeton,Wisconsin,0.18813238675664334
Princeton,Xavier,0.2289120128132529
Providence,Purdue,0.35561589968423457
Providence,Rhode Island,0.4575075895339473
Providence,S Dakota St,0.8399365717903338
Providence,Seton Hall,0.3869004763470404
Providence,SMU,0.3000227734901796
Providence,South Carolina,0.5065944662573079
Providence,St Mary's CA,0.3869833196751813
Providence,Troy,0.8894101180253478
Providence,TX Southern,0.8970827373174308
Providence,UC Davis,0.8937370849780669
Providence,UCLA,0.25996144000949917
Providence,UNC Wilmington,0.5948758440893602
Providence,USC,0.4523869081587102
Providence,VA Commonwealth,0.4768968379622075
Providence,Vanderbilt,0.5843185548121517
Providence,Vermont,0.72380561692587
Providence,Villanova,0.16947312378745927
Providence,Virginia,0.26224100225272484
Providence,Virginia Tech,0.49731418741109457
Providence,Wake Forest,0.5578370477576045
Providence,West Virginia,0.18733563262991137
Providence,Wichita St,0.32030873195280796
Providence,Winthrop,0.862270938833281
Providence,Wisconsin,0.361553310205061
Providence,Xavier,0.42045592184866787
Purdue,Rhode Island,0.6020166601628111
Purdue,S Dakota St,0.9039592596742209
Purdue,Seton Hall,0.5309343923466485
Purdue,SMU,0.43464264727286595
Purdue,South Carolina,0.648085638553453
Purdue,St Mary's CA,0.5310213644350987
Purdue,Troy,0.9351715506547095
Purdue,TX Southern,0.9398838795019832
Purdue,UC Davis,0.9378331926363245
Purdue,UCLA,0.38653201426304096
Purdue,UNC Wilmington,0.7248034085152373
Purdue,USC,0.5970586666111406
Purdue,VA Commonwealth,0.6205249813718909
Purdue,Vanderbilt,0.7160156088951597
Purdue,Vermont,0.8245774681299568
Purdue,Villanova,0.2679378545479749
Purdue,Virginia,0.3893375428413517
Purdue,Virginia Tech,0.6395732112470703
Purdue,Wake Forest,0.6935234910527759
Purdue,West Virginia,0.2925232201169573
Purdue,Wichita St,0.45807423701225425
Purdue,Winthrop,0.9182299418771843
Purdue,Wisconsin,0.5039066499122118
Purdue,Xavier,0.5654604831139045
Rhode Island,S Dakota St,0.8654451110699258
Rhode Island,Seton Hall,0.4361396168008158
Rhode Island,SMU,0.34441652395823963
Rhode Island,South Carolina,0.5572219289088691
Rhode Island,St Mary's CA,0.4362255017269224
Rhode Island,Troy,0.9078988361184666
Rhode Island,TX Southern,0.9144121629007876
Rhode Island,UC Davis,0.9115743292000406
Rhode Island,UCLA,0.30097623020466246
Rhode Island,UNC Wilmington,0.6428314284453877
Rhode Island,USC,0.5031210419837939
Rhode Island,VA Commonwealth,0.5277307706409222
Rhode Island,Vanderbilt,0.6327523321023102
Rhode Island,Vermont,0.762590282937307
Rhode Island,Villanova,0.20007104135307652
Rhode Island,Virginia,0.3034679620439692
Rhode Island,Virginia Tech,0.5480443532774761
Rhode Island,Wake Forest,0.6072825881010453
Rhode Island,West Virginia,0.22030311676809056
Rhode Island,Wichita St,0.36613408244878765
Rhode Island,Winthrop,0.8847087164780765
Rhode Island,Wisconsin,0.40972238168674724
Rhode Island,Xavier,0.47068701591416784
S Dakota St,Seton Hall,0.1082855575878432
S Dakota St,SMU,0.07619509671854008
S Dakota St,South Carolina,0.1649795098180703
S Dakota St,St Mary's CA,0.10831928366997456
S Dakota St,Troy,0.6074761170582795
S Dakota St,TX Southern,0.6264947491411893
S Dakota St,UC Davis,0.6180975102253559
S Dakota St,UCLA,0.06331745667824173
S Dakota St,UNC Wilmington,0.22031094900525605
S Dakota St,USC,0.1371642103535914
S Dakota St,VA Commonwealth,0.1492503410229199
S Dakota St,Vanderbilt,0.21290761677192238
S Dakota St,Vermont,0.3352362052645391
S Dakota St,Villanova,0.03778301521036442
S Dakota St,Virginia,0.06402185315825648
S Dakota St,Virginia Tech,0.159928827569235
S Dakota St,Wake Forest,0.19534820962302235
S Dakota St,West Virginia,0.04247522087094169
S Dakota St,Wichita St,0.08314465919592429
S Dakota St,Winthrop,0.546432510921342
S Dakota St,Wisconsin,0.09826586132445192
S Dakota St,Xavier,0.12250531875513737
Seton Hall,SMU,0.387515077284298
Seton Hall,South Carolina,0.6024776099794815
Seton Hall,St Mary's CA,0.48235964774689166
Seton Hall,Troy,0.9223096315013595
Seton Hall,TX Southern,0.9278847870791979
Seton Hall,UC Davis,0.9254572489750861
Seton Hall,UCLA,0.3414702515824978
Seton Hall,UNC Wilmington,0.6842945919247112
Seton Hall,USC,0.5494351302692555
Seton Hall,VA Commonwealth,0.5736946342714553
Seton Hall,Vanderbilt,0.6747936294996841
Seton Hall,Vermont,0.7945931890922285
Seton Hall,Villanova,0.23148480711981922
Seton Hall,Virginia,0.3441321850728635
Seton Hall,Virginia Tech,0.5935538499735088
Seton Hall,Wake Forest,0.6506296961082426
Seton Hall,West Virginia,0.25388534603170054
Seton Hall,Wichita St,0.4102496316204618
Seton Hall,Winthrop,0.9023577660921822
Seton Hall,Wisconsin,0.45531731348413484
Seton Hall,Xavier,0.5171227459534667
SMU,South Carolina,0.7030352601371904
SMU,St Mary's CA,0.5927640512599144
SMU,Troy,0.9488332951182943
SMU,TX Southern,0.952602893663739
SMU,UC Davis,0.9509634426146043
SMU,UCLA,0.44750547816660247
SMU,UNC Wilmington,0.7719884639157127
SMU,USC,0.6557435810135497
SMU,VA Commonwealth,0.6776374882206917
SMU,Vanderbilt,0.7642172606616116
SMU,Vermont,0.8580067211982537
SMU,Villanova,0.319960856486332
SMU,Virginia,0.45042862389665095
SMU,Virginia Tech,0.6952269394855795
SMU,Wake Forest,0.744178815704831
SMU,West Virginia,0.34705670296054014
SMU,Wichita St,0.5207532903590681
SMU,Winthrop,0.9352145754325949
SMU,Wisconsin,0.5663035957930644
SMU,Xavier,0.6258636353813448
South Carolina,St Mary's CA,0.38152957294208056
South Carolina,Troy,0.887122447741706
South Carolina,TX Southern,0.8949350344149203
South Carolina,UC Davis,0.8915280063022817
South Carolina,UCLA,0.2555515542044705
South Carolina,UNC Wilmington,0.5893087889241388
South Carolina,USC,0.4466830623771283
South Carolina,VA Commonwealth,0.47114984238511304
South Carolina,Vanderbilt,0.5787091669736462
South Carolina,Vermont,0.7191738870890441
South Carolina,Villanova,0.16625339943296924
South Carolina,Virginia,0.2578059180968102
South Carolina,Virginia Tech,0.4915523516612932
South Carolina,Wake Forest,0.5521442030682695
South Carolina,West Virginia,0.18385167176035166
South Carolina,Wichita St,0.3153113135488055
South Carolina,Winthrop,0.8595105436357509
South Carolina,Wisconsin,0.356249675732383
South Carolina,Xavier,0.41484968164946445
St Mary's CA,Troy,0.930923093580267
St Mary's CA,TX Southern,0.9359230796223071
St Mary's CA,UC Davis,0.9337468056709621
St Mary's CA,UCLA,0.3705302675940486
St Mary's CA,UNC Wilmington,0.7110287136663587
St Mary's CA,USC,0.5805898255985521
St Mary's CA,VA Commonwealth,0.6043797275736833
St Mary's CA,Vanderbilt,0.7019819089408643
St Mary's CA,Vermont,0.814518850218714
St Mary's CA,Villanova,0.2548064792361904
St Mary's CA,Virginia,0.37329032487715563
St Mary's CA,Virginia Tech,0.6237469868219262
St Mary's CA,Wake Forest,0.6788767856331221
St Mary's CA,West Virginia,0.27864556402486673
St Mary's CA,Wichita St,0.44124100685443024
St Mary's CA,Winthrop,0.912974553980471
St Mary's CA,Wisconsin,0.4869024136784783
St Mary's CA,Xavier,0.5486764100112814
Troy,TX Southern,0.5137288736917169
Troy,UC Davis,0.5048003241658856
Troy,UCLA,0.0408373960843369
Troy,UNC Wilmington,0.15108271807899953
Troy,USC,0.09101331770256116
Troy,VA Commonwealth,0.09950184727940559
Troy,Vanderbilt,0.14557139312541156
Troy,Vermont,0.2410602600648044
Troy,Villanova,0.024135043507284237
Troy,Virginia,0.04130273303313037
Troy,Virginia Tech,0.10706891078120573
Troy,Wake Forest,0.13262969527386048
Troy,West Virginia,0.027180208915529303
Troy,Wichita St,0.05403125966086364
Troy,Winthrop,0.43143168417018685
Troy,Wisconsin,0.06422863241122323
Troy,Xavier,0.08082460848949824
TX Southern,UC Davis,0.48736690536071836
TX Southern,UCLA,0.0381913156916297
TX Southern,UNC Wilmington,0.14235341747590613
TX Southern,USC,0.08540555271719985
TX Southern,VA Commonwealth,0.09342481886048026
TX Southern,Vanderbilt,0.1371090968377806
TX Southern,Vermont,0.22853173386970504
TX Southern,Villanova,0.022545762043098216
TX Southern,Virginia,0.038627715171278054
TX Southern,Virginia Tech,0.10058134801651497
TX Southern,Wake Forest,0.12480982581458078
TX Southern,West Virginia,0.025395623060901373
TX Southern,Wichita St,0.05057535389151124
TX Southern,Winthrop,0.41441163647758383
TX Southern,Wisconsin,0.06016197125851419
TX Southern,Xavier,0.07579227397118304
UC Davis,UCLA,0.041786367713177563
UC Davis,UNC Wilmington,0.1541817402774477
UC Davis,USC,0.09301519658161339
UC Davis,VA Commonwealth,0.10166955190657534
UC Davis,Vanderbilt,0.14857715228694113
UC Davis,Vermont,0.24547123169784135
UC Davis,Villanova,0.024705886310572356
UC Davis,Virginia,0.042262041619339
UC Davis,Virginia Tech,0.1093814439209706
UC Davis,Wake Forest,0.13541058346507306
UC Davis,West Virginia,0.027821022717554378
UC Davis,Wichita St,0.05526916098086021
UC Davis,Winthrop,0.4373188630749927
UC Davis,Wisconsin,0.06568394179331338
UC Davis,Xavier,0.08262275227116556
UCLA,UNC Wilmington,0.8080228176181665
UCLA,USC,0.7030832352010667
UCLA,VA Commonwealth,0.7232371418837304
UCLA,Vanderbilt,0.8011634301487116
UCLA,Vermont,0.8825157756691693
UCLA,Villanova,0.3690460835507592
UCLA,Virginia,0.5046752039990265
UCLA,Virginia Tech,0.7392957229429346
UCLA,Wake Forest,0.7833748777911768
UCLA,West Virginia,0.3978667243968189
UCLA,Wichita St,0.5746139402707324
UCLA,Winthrop,0.9472168348451839
UCLA,Wisconsin,0.6187924535472895
UCLA,Xavier,0.6752774597622839
UNC Wilmington,USC,0.3601460129616586
UNC Wilmington,VA Commonwealth,0.3831550947234492
UNC Wilmington,Vanderbilt,0.489208632522372
UNC Wilmington,Vermont,0.6410026762792264
UNC Wilmington,Villanova,0.12206003438693924
UNC Wilmington,Virginia,0.1949670651598846
UNC Wilmington,Virginia Tech,0.40264828883927106
UNC Wilmington,Wake Forest,0.462244291597005
UNC Wilmington,West Virginia,0.13574196297253383
UNC Wilmington,Wichita St,0.24304584020730569
UNC Wilmington,Winthrop,0.8100879630156533
UNC Wilmington,Wisconsin,0.2784168939832278
UNC Wilmington,Xavier,0.33079284216182603
USC,VA Commonwealth,0.5172618966329072
USC,Vanderbilt,0.6229481630471041
USC,Vermont,0.7549097149129378
USC,Villanova,0.19343976672587326
USC,Virginia,0.29467206968851156
USC,Virginia Tech,0.537631250458473
USC,Wake Forest,0.597231281082835
USC,West Virginia,0.2131799678214552
USC,Wichita St,0.35645135937529815
USC,Winthrop,0.8803590481581216
USC,Wisconsin,0.3996136546190786
USC,Xavier,0.4602469485641526
VA Commonwealth,Vanderbilt,0.603888402969776
VA Commonwealth,Vermont,0.7397335823591333
VA Commonwealth,Villanova,0.181205766114923
VA Commonwealth,Virginia,0.278244356020647
VA Commonwealth,Virginia Tech,0.517598474230184
VA Commonwealth,Wake Forest,0.5777526965783555
VA Commonwealth,West Virginia,0.2000070952720443
VA Commonwealth,Wichita St,0.3382310984398067
VA Commonwealth,Winthrop,0.8716299041104512
VA Commonwealth,Wisconsin,0.38049155788571676
VA Commonwealth,Xavier,0.44035147676720077
Vanderbilt,Vermont,0.6594989781374905
Vanderbilt,Villanova,0.13104829732582224
Vanderbilt,Virginia,0.2080517924799088
Vanderbilt,Virginia Tech,0.422358482881396
Vanderbilt,Wake Forest,0.4825153161236362
Vanderbilt,West Virginia,0.1455706817562844
Vanderbilt,Wichita St,0.2583218634821366
Vanderbilt,Winthrop,0.8222878535421941
Vanderbilt,Wisconsin,0.29504952053494815
Vanderbilt,Xavier,0.34904089180019393
Vermont,Villanova,0.07082261989355565
Vermont,Virginia,0.11721119985548267
Vermont,Virginia Tech,0.26982736365605653
Vermont,Wake Forest,0.32030578974930224
Vermont,West Virginia,0.07927988653434936
Vermont,Wichita St,0.14968056355260184
Vermont,Winthrop,0.7004676639944426
Vermont,Wisconsin,0.17459805661630579
Vermont,Xavier,0.21321443365008141
Villanova,Virginia,0.6248715765391148
Villanova,Virginia Tech,0.8225744105377238
Villanova,Wake Forest,0.8553284319230778
Villanova,West Virginia,0.5192940741470183
Villanova,Wichita St,0.6883201735952276
Villanova,Winthrop,0.9670389463906209
Villanova,Wisconsin,0.7263142685451746
Villanova,Xavier,0.772719104735862
Virginia,Virginia Tech,0.7325652926958856
Virginia,Wake Forest,0.7774398338020762
Virginia,West Virginia,0.3895995069746552
Virginia,Wichita St,0.5661271095808994
Virginia,Winthrop,0.9454581578799865
Virginia,Wisconsin,0.6105897068468393
Virginia,Xavier,0.667637318779369
Virginia Tech,Wake Forest,0.5621895825099573
Virginia Tech,West Virginia,0.19003979568426044
Virginia Tech,Wichita St,0.3241666871122697
Virginia Tech,Winthrop,0.8643554059193705
Virginia Tech,Wisconsin,0.3656407972492157
Virginia Tech,Xavier,0.42476628250987314
Wake Forest,West Virginia,0.15977333818656658
Wake Forest,Wichita St,0.27992119933108905
Wake Forest,Winthrop,0.8377772612523585
Wake Forest,Wisconsin,0.3184014504157451
Wake Forest,Xavier,0.3743965367017996
West Virginia,Wichita St,0.6532505145366209
West Virginia,Winthrop,0.9615797404197597
West Virginia,Wisconsin,0.6936167483003131
West Virginia,Xavier,0.7436085555137371
Wichita St,Winthrop,0.931838493826859
Wichita St,Wisconsin,0.5528937892547782
Wichita St,Xavier,0.6130370335749342
Winthrop,Wisconsin,0.08345067607061085
Winthrop,Xavier,0.10445898413821142
Wisconsin,Xavier,0.5563738075246493
